name,url,cr,type,size,ac,hp,speed,align,legendary,source,str,dex,con,int,wis,cha,resistance,stamina
abjurer,,9.0,humanoid (any race),Medium,12,84,,any alignment,,Volo's Guide to Monsters,,,,,,,Ice,4
aboleth,https://www.aidedd.org/dnd/monstres.php?vo=aboleth,10.0,aberration,Large,17,135,swim,lawful evil,Legendary,Monster Manual (SRD),21.0,9.0,15.0,18.0,15.0,18.0,Piercing,3
abominable-yeti,,9.0,monstrosity,Huge,15,137,,chaotic evil,,Monster Manual,,,,,,,Piercing,2
acererak,,23.0,undead,Medium,21,285,,neutral evil,,Adventures (Tomb of Annihilation),,,,,,,Piercing,4
adult-black-dragon,https://www.aidedd.org/dnd/monstres.php?vo=adult-black-dragon,14.0,dragon,Huge,19,195,"fly, swim",chaotic evil,Legendary,Monster Manual (SRD),23.0,14.0,21.0,14.0,13.0,17.0,Piercing,2
adult-blue-dracolich,,17.0,undead,Huge,19,225,fly,lawful evil,Legendary,Monster Manual,,,,,,,Piercing,2
adult-blue-dragon,https://www.aidedd.org/dnd/monstres.php?vo=adult-blue-dragon,16.0,dragon,Huge,19,225,fly,lawful evil,Legendary,Monster Manual (SRD),25.0,10.0,23.0,16.0,15.0,19.0,Piercing,2
adult-brass-dragon,https://www.aidedd.org/dnd/monstres.php?vo=adult-brass-dragon,13.0,dragon,Huge,18,172,fly,chaotic good,Legendary,Monster Manual (SRD),23.0,10.0,21.0,14.0,13.0,17.0,Piercing,2
adult-bronze-dragon,https://www.aidedd.org/dnd/monstres.php?vo=adult-bronze-dragon,15.0,dragon,Huge,19,212,"fly, swim",lawful good,Legendary,Monster Manual (SRD),25.0,10.0,23.0,16.0,15.0,19.0,Piercing,2
adult-copper-dragon,https://www.aidedd.org/dnd/monstres.php?vo=adult-copper-dragon,14.0,dragon,Huge,18,184,fly,chaotic good,Legendary,Monster Manual (SRD),23.0,12.0,21.0,18.0,15.0,17.0,Piercing,2
adult-gold-dragon,https://www.aidedd.org/dnd/monstres.php?vo=adult-gold-dragon,17.0,dragon,Huge,19,256,"fly, swim",lawful good,Legendary,Monster Manual (SRD),27.0,14.0,25.0,16.0,15.0,24.0,Piercing,2
adult-green-dragon,https://www.aidedd.org/dnd/monstres.php?vo=adult-green-dragon,15.0,dragon,Huge,19,207,"fly, swim",lawful evil,Legendary,Monster Manual (SRD),23.0,12.0,21.0,18.0,15.0,17.0,Piercing,2
adult-kruthik,,2.0,monstrosity,Medium,18,39,,unaligned,,Mordenkainen's Tome of Foes,,,,,,,Piercing,4
adult-oblex,,5.0,ooze,Medium,14,75,,lawful evil,,Mordenkainen's Tome of Foes,,,,,,,Blunt,4
adult-red-dragon,https://www.aidedd.org/dnd/monstres.php?vo=adult-red-dragon,17.0,dragon,Huge,19,256,fly,chaotic evil,Legendary,Monster Manual (SRD),27.0,10.0,25.0,16.0,13.0,21.0,Piercing,2
adult-silver-dragon,https://www.aidedd.org/dnd/monstres.php?vo=adult-silver-dragon,16.0,dragon,Huge,19,243,fly,lawful good,Legendary,Monster Manual (SRD),27.0,10.0,25.0,16.0,13.0,21.0,Piercing,2
adult-white-dragon,https://www.aidedd.org/dnd/monstres.php?vo=adult-white-dragon,13.0,dragon,Huge,18,200,"fly, swim",chaotic evil,Legendary,Monster Manual (SRD),22.0,10.0,22.0,8.0,12.0,12.0,Piercing,2
air-elemental,https://www.aidedd.org/dnd/monstres.php?vo=air-elemental,5.0,elemental,Large,15,90,fly,neutral,,Monster Manual (SRD),14.0,20.0,14.0,6.0,10.0,6.0,Slashing,3
air-elemental-myrmidon,,7.0,elemental,Medium,18,117,fly,neutral,,Mordenkainen's Tome of Foes,,,,,,,Slashing,4
alhoon,,10.0,undead,Medium,15,120,,any evil alignment,,Volo's Guide to Monsters,,,,,,,Piercing,4
alkilith,,11.0,fiend (demon),Medium,17,157,,chaotic evil,,Mordenkainen's Tome of Foes,,,,,,,Fire,4
allip,,5.0,undead,Medium,13,40,fly,neutral evil,,Mordenkainen's Tome of Foes,,,,,,,Piercing,4
allosaurus,https://www.aidedd.org/dnd/monstres.php?vo=allosaurus,2.0,beast,Large,13,51,,unaligned,,Monster Manual (SRD),19.0,13.0,17.0,2.0,12.0,5.0,Slashing,3
amnizu,,18.0,fiend (devil),Medium,21,202,fly,lawful evil,,Mordenkainen's Tome of Foes,,,,,,,Fire,4
ancient-black-dragon,https://www.aidedd.org/dnd/monstres.php?vo=ancient-black-dragon,21.0,dragon,Gargantuan,22,367,"fly, swim",chaotic evil,Legendary,Monster Manual (SRD),27.0,14.0,25.0,16.0,15.0,19.0,Piercing,1
ancient-blue-dragon,https://www.aidedd.org/dnd/monstres.php?vo=ancient-blue-dragon,23.0,dragon,Gargantuan,22,481,fly,lawful evil,Legendary,Monster Manual (SRD),29.0,10.0,27.0,18.0,17.0,21.0,Piercing,1
ancient-brass-dragon,https://www.aidedd.org/dnd/monstres.php?vo=ancient-brass-dragon,20.0,dragon,Gargantuan,20,297,fly,chaotic good,Legendary,Monster Manual (SRD),27.0,10.0,25.0,16.0,15.0,19.0,Piercing,1
ancient-bronze-dragon,https://www.aidedd.org/dnd/monstres.php?vo=ancient-bronze-dragon,22.0,dragon,Gargantuan,22,444,"fly, swim",lawful good,Legendary,Monster Manual (SRD),29.0,10.0,27.0,18.0,17.0,21.0,Piercing,1
ancient-copper-dragon,https://www.aidedd.org/dnd/monstres.php?vo=ancient-copper-dragon,21.0,dragon,Gargantuan,21,350,fly,chaotic good,Legendary,Monster Manual (SRD),27.0,12.0,25.0,20.0,17.0,19.0,Piercing,1
ancient-gold-dragon,https://www.aidedd.org/dnd/monstres.php?vo=ancient-gold-dragon,24.0,dragon,Gargantuan,22,546,"fly, swim",lawful good,Legendary,Monster Manual (SRD),30.0,14.0,29.0,18.0,17.0,28.0,Piercing,1
ancient-green-dragon,https://www.aidedd.org/dnd/monstres.php?vo=ancient-green-dragon,22.0,dragon,Gargantuan,21,385,"fly, swim",lawful evil,Legendary,Monster Manual (SRD),27.0,12.0,25.0,20.0,17.0,19.0,Piercing,1
ancient-red-dragon,https://www.aidedd.org/dnd/monstres.php?vo=ancient-red-dragon,24.0,dragon,Gargantuan,22,546,fly,chaotic evil,Legendary,Monster Manual (SRD),30.0,10.0,29.0,18.0,15.0,23.0,Piercing,1
ancient-shadow,https://www.aidedd.org/dnd/monstres.php?vo=ancient-shadow,1.0,undead,Medium,13,32,,chaotic evil,,Extra (AideDD),6.0,16.0,14.0,6.0,10.0,8.0,Piercing,4
ancient-silver-dragon,https://www.aidedd.org/dnd/monstres.php?vo=ancient-silver-dragon,23.0,dragon,Gargantuan,22,487,fly,lawful good,Legendary,Monster Manual (SRD),30.0,10.0,29.0,18.0,15.0,23.0,Piercing,1
ancient-white-dragon,https://www.aidedd.org/dnd/monstres.php?vo=ancient-white-dragon,20.0,dragon,Gargantuan,20,333,"fly, swim",chaotic evil,Legendary,Monster Manual (SRD),26.0,10.0,26.0,10.0,13.0,14.0,Piercing,1
androsphinx,https://www.aidedd.org/dnd/monstres.php?vo=androsphinx,17.0,monstrosity,Large,17,199,fly,lawful neutral,Legendary,Monster Manual (SRD),22.0,10.0,20.0,16.0,18.0,23.0,Piercing,3
animated-armor,https://www.aidedd.org/dnd/monstres.php?vo=animated-armor,1.0,construct,Medium,18,33,,unaligned,,Monster Manual (SRD),14.0,11.0,13.0,1.0,3.0,1.0,Blunt,4
ankheg,https://www.aidedd.org/dnd/monstres.php?vo=ankheg,2.0,monstrosity,Large,14,39,,unaligned,,Monster Manual (SRD),17.0,11.0,13.0,1.0,13.0,6.0,Piercing,3
ankylosaurus,https://www.aidedd.org/dnd/monstres.php?vo=ankylosaurus,3.0,beast,Huge,15,68,,unaligned,,Monster Manual (SRD),19.0,11.0,15.0,2.0,12.0,5.0,Slashing,2
annis-hag,https://www.aidedd.org/dnd/monstres.php?vo=annis-hag,6.0,fey,Large,17,75,,chaotic evil,,Volo's Guide to Monsters,21.0,12.0,14.0,13.0,14.0,15.0,Ice,3
arcanaloth,,12.0,fiend (yugoloth),Medium,17,104,fly,neutral evil,,Monster Manual,,,,,,,Fire,4
archdruid,,12.0,humanoid (any race),Medium,16,132,,any alignment,,Volo's Guide to Monsters,,,,,,,Ice,4
archer,,3.0,humanoid (any race),Medium,16,75,,any alignment,,Volo's Guide to Monsters,,,,,,,Ice,4
archmage,https://www.aidedd.org/dnd/monstres.php?vo=archmage,12.0,humanoid (any race),Medium,12,99,,any alignment,,Monster Manual (SRD),10.0,14.0,12.0,20.0,15.0,16.0,Ice,4
armanite,,7.0,fiend (demon),Large,16,84,,chaotic evil,,Mordenkainen's Tome of Foes,,,,,,,Fire,3
assassin,https://www.aidedd.org/dnd/monstres.php?vo=assassin,8.0,humanoid (any race),Medium,15,78,,any non-good alignment,,Monster Manual (SRD),11.0,16.0,14.0,13.0,11.0,10.0,Ice,4
assassin-vine,,3.0,plant,Large,13,85,,unaligned,,Adventures (Tomb of Annihilation),,,,,,,Ice,3
astral-dreadnought,https://www.aidedd.org/dnd/monstres.php?vo=astral-dreadnought,21.0,monstrosity (titan),Gargantuan,20,297,fly,unaligned,Legendary,Mordenkainen's Tome of Foes,28.0,7.0,25.0,5.0,14.0,18.0,Blunt,1
atropal,,13.0,undead (titan),Huge,7,225,fly,neutral evil,,Adventures (Tomb of Annihilation),,,,,,,Piercing,2
aurochs,https://www.aidedd.org/dnd/monstres.php?vo=aurochs,2.0,beast,Large,11,38,,unaligned,,Volo's Guide to Monsters,20.0,10.0,19.0,2.0,12.0,5.0,Slashing,3
autumn-eladrin,,10.0,fey (elf),Medium,19,127,,chaotic neutral,,Mordenkainen's Tome of Foes,,,,,,,Piercing,4
awakened-shrub,https://www.aidedd.org/dnd/monstres.php?vo=awakened-shrub,0.0,plant,Small,9,10,,unaligned,,Monster Manual (SRD),3.0,8.0,11.0,10.0,10.0,6.0,Ice,3
awakened-tree,https://www.aidedd.org/dnd/monstres.php?vo=awakened-tree,2.0,plant,Huge,13,59,,unaligned,,Monster Manual (SRD),19.0,6.0,15.0,10.0,10.0,7.0,Ice,2
azer,https://www.aidedd.org/dnd/monstres.php?vo=azer,2.0,elemental,Medium,17,39,,lawful neutral,,Monster Manual (SRD),17.0,12.0,15.0,12.0,13.0,10.0,Slashing,4
babau,,4.0,fiend (demon),Medium,16,82,,chaotic evil,,Volo's Guide to Monsters,,,,,,,Fire,4
baboon,https://www.aidedd.org/dnd/monstres.php?vo=baboon,0.0,beast,Small,12,3,,unaligned,,Monster Manual (SRD),8.0,14.0,11.0,4.0,12.0,6.0,Slashing,3
badger,https://www.aidedd.org/dnd/monstres.php?vo=badger,0.0,beast,Tiny,10,3,,unaligned,,Monster Manual (SRD),4.0,11.0,12.0,2.0,12.0,5.0,Slashing,2
bael,,19.0,fiend (devil),Large,18,189,,lawful evil,,Mordenkainen's Tome of Foes,,,,,,,Fire,3
balhannoth,,11.0,aberration,Large,17,114,,chaotic evil,,Mordenkainen's Tome of Foes,,,,,,,Piercing,3
balor,https://www.aidedd.org/dnd/monstres.php?vo=balor,19.0,fiend (demon),Huge,19,262,fly,chaotic evil,,Monster Manual (SRD),26.0,15.0,22.0,20.0,16.0,22.0,Fire,2
banderhobb,,5.0,monstrosity,Large,15,84,,neutral evil,,Volo's Guide to Monsters,,,,,,,Piercing,3
bandit-captain,https://www.aidedd.org/dnd/monstres.php?vo=bandit-captain,2.0,humanoid (any race),Medium,15,65,,any non-lawful alignment,,Monster Manual (SRD),15.0,16.0,14.0,14.0,11.0,14.0,Ice,4
banshee,https://www.aidedd.org/dnd/monstres.php?vo=banshee,4.0,undead,Medium,12,58,fly,chaotic evil,,Monster Manual (SRD),1.0,14.0,10.0,12.0,11.0,17.0,Piercing,4
baphomet,,23.0,fiend (demon),Huge,22,275,,chaotic evil,,Mordenkainen's Tome of Foes,,,,,,,Fire,2
barbed-devil,https://www.aidedd.org/dnd/monstres.php?vo=barbed-devil,5.0,fiend (devil),Medium,15,110,,lawful evil,,Monster Manual (SRD),16.0,17.0,18.0,12.0,14.0,14.0,Fire,4
bard,,2.0,humanoid (any race),Medium,15,44,,any alignment,,Volo's Guide to Monsters,,,,,,,Ice,4
barghest,https://www.aidedd.org/dnd/monstres.php?vo=barghest,4.0,fiend (shapechanger),Large,17,90,,neutral evil,,Volo's Guide to Monsters,19.0,15.0,14.0,13.0,12.0,14.0,Fire,3
barlgura,https://www.aidedd.org/dnd/monstres.php?vo=barlgura,5.0,fiend (demon),Large,15,68,,chaotic evil,,Monster Manual (BR),18.0,15.0,16.0,7.0,14.0,9.0,Fire,3
basilisk,https://www.aidedd.org/dnd/monstres.php?vo=basilisk,3.0,monstrosity,Medium,15,52,,unaligned,,Monster Manual (SRD),16.0,8.0,15.0,2.0,8.0,7.0,Piercing,4
bat,https://www.aidedd.org/dnd/monstres.php?vo=bat,0.0,beast,Tiny,12,1,fly,unaligned,,Monster Manual (SRD),2.0,15.0,8.0,2.0,12.0,4.0,Slashing,2
bearded-devil,https://www.aidedd.org/dnd/monstres.php?vo=bearded-devil,3.0,fiend (devil),Medium,13,52,,lawful evil,,Monster Manual (SRD),16.0,15.0,15.0,9.0,11.0,11.0,Fire,4
behir,https://www.aidedd.org/dnd/monstres.php?vo=behir,11.0,monstrosity,Huge,17,168,,neutral evil,,Monster Manual (SRD),23.0,16.0,18.0,7.0,14.0,12.0,Piercing,2
beholder,,13.0,aberration,Large,18,180,fly,lawful evil,Legendary,Monster Manual,,,,,,,Piercing,3
beholder-zombie,,5.0,undead,Large,15,93,fly,neutral evil,,Monster Manual,,,,,,,Piercing,3
belaphoss,https://www.aidedd.org/dnd/monstres.php?vo=belaphoss,20.0,fiend (demon),Huge,19,262,fly,chaotic evil,,Extra (Dragon Mag),26.0,15.0,22.0,20.0,16.0,22.0,Fire,2
berbalang,,2.0,aberration,Medium,14,38,fly,neutral evil,,Mordenkainen's Tome of Foes,,,,,,,Piercing,4
berserker,https://www.aidedd.org/dnd/monstres.php?vo=berserker,2.0,humanoid (any race),Medium,13,67,,any chaotic alignment,,Monster Manual (SRD),16.0,12.0,17.0,9.0,11.0,9.0,Ice,4
bheur-hag,,7.0,fey,Medium,17,91,,chaotic evil,,Volo's Guide to Monsters,,,,,,,Ice,4
black-abishai,,7.0,fiend (devil),Medium,15,58,fly,lawful evil,,Mordenkainen's Tome of Foes,,,,,,,Fire,4
black-dragon-wyrmling,https://www.aidedd.org/dnd/monstres.php?vo=black-dragon-wyrmling,2.0,dragon,Medium,17,33,"fly, swim",chaotic evil,,Monster Manual (SRD),15.0,14.0,13.0,10.0,11.0,13.0,Piercing,4
black-gauntlet-of-bane,,6.0,humanoid (human),Medium,16,51,,lawful evil,,Adventures (Descent into Avernus),,,,,,,Ice,4
black-pudding,https://www.aidedd.org/dnd/monstres.php?vo=black-pudding,4.0,ooze,Large,7,85,,unaligned,,Monster Manual (SRD),16.0,5.0,16.0,1.0,6.0,1.0,Blunt,3
blackguard,,8.0,humanoid (any race),Medium,18,153,,any non-good alignment,,Volo's Guide to Monsters,,,,,,,Ice,4
blue-abishai,,17.0,fiend (devil),Medium,19,195,fly,lawful evil,,Mordenkainen's Tome of Foes,,,,,,,Fire,4
blue-dragon-wyrmling,https://www.aidedd.org/dnd/monstres.php?vo=blue-dragon-wyrmling,3.0,dragon,Medium,17,52,fly,lawful evil,,Monster Manual (SRD),17.0,10.0,15.0,12.0,11.0,15.0,Piercing,4
blue-slaad,,7.0,aberration,Large,15,123,,chaotic neutral,,Monster Manual,,,,,,,Piercing,3
bodak,,6.0,undead,Medium,15,58,,chaotic evil,,Volo's Guide to Monsters,,,,,,,Piercing,4
bone-devil,https://www.aidedd.org/dnd/monstres.php?vo=bone-devil,9.0,fiend (devil),Large,19,142,fly,lawful evil,,Monster Manual (SRD),18.0,16.0,18.0,13.0,14.0,16.0,Fire,3
bone-naga,,4.0,undead,Large,15,58,,lawful evil,,Monster Manual,,,,,,,Piercing,3
boneclaw,,12.0,undead,Large,16,127,,chaotic evil,,Mordenkainen's Tome of Foes,,,,,,,Piercing,3
brass-dragon-wyrmling,https://www.aidedd.org/dnd/monstres.php?vo=brass-dragon-wyrmling,1.0,dragon,Medium,16,16,fly,chaotic good,,Monster Manual (SRD),15.0,10.0,13.0,10.0,11.0,13.0,Piercing,4
brontosaurus,,5.0,beast,Gargantuan,15,121,,unaligned,,Adventures (Tomb of Annihilation),,,,,,,Slashing,1
bronze-dragon-wyrmling,https://www.aidedd.org/dnd/monstres.php?vo=bronze-dragon-wyrmling,2.0,dragon,Medium,17,32,"fly, swim",lawful good,,Monster Manual (SRD),17.0,10.0,15.0,12.0,11.0,15.0,Piercing,4
brown-bear,https://www.aidedd.org/dnd/monstres.php?vo=brown-bear,1.0,beast,Large,11,34,,unaligned,,Monster Manual (SRD),19.0,10.0,16.0,2.0,13.0,7.0,Slashing,3
bugbear,https://www.aidedd.org/dnd/monstres.php?vo=bugbear,1.0,humanoid (goblinoid),Medium,16,27,,chaotic evil,,Monster Manual (SRD),15.0,14.0,13.0,8.0,11.0,9.0,Blunt,4
bugbear-chief,,3.0,humanoid (goblinoid),Medium,17,65,,chaotic evil,,Monster Manual,,,,,,,Blunt,4
bulette,https://www.aidedd.org/dnd/monstres.php?vo=bulette,5.0,monstrosity,Large,17,94,,unaligned,,Monster Manual (SRD),19.0,11.0,21.0,2.0,10.0,5.0,Piercing,3
bulezau,,3.0,fiend (demon),Medium,14,52,,chaotic evil,,Mordenkainen's Tome of Foes,,,,,,,Fire,4
cadaver-collector,,14.0,construct,Large,17,189,,lawful evil,,Mordenkainen's Tome of Foes,,,,,,,Blunt,3
cambion,,5.0,fiend,Medium,19,82,fly,any evil alignment,,Monster Manual,,,,,,,Fire,4
canoloth,,8.0,fiend (yugoloth),Medium,16,120,,neutral evil,,Mordenkainen's Tome of Foes,,,,,,,Fire,4
carrion-crawler,,2.0,monstrosity,Large,13,51,,unaligned,,Monster Manual,,,,,,,Piercing,3
cat,https://www.aidedd.org/dnd/monstres.php?vo=cat,0.0,beast,Tiny,12,2,,unaligned,,Monster Manual (SRD),3.0,15.0,10.0,3.0,12.0,7.0,Slashing,2
catoblepas,,5.0,monstrosity,Large,14,84,,unaligned,,Volo's Guide to Monsters,,,,,,,Piercing,3
cave-fisher,,3.0,monstrosity,Medium,16,58,,unaligned,,Volo's Guide to Monsters,,,,,,,Piercing,4
centaur,https://www.aidedd.org/dnd/monstres.php?vo=centaur,2.0,monstrosity,Large,12,45,,neutral good,,Monster Manual (SRD),18.0,14.0,14.0,9.0,13.0,11.0,Piercing,3
chain-devil,https://www.aidedd.org/dnd/monstres.php?vo=chain-devil,8.0,fiend (devil),Medium,16,85,,lawful evil,,Monster Manual (SRD),18.0,15.0,18.0,11.0,12.0,14.0,Fire,4
champion,,9.0,humanoid (any race),Medium,18,143,,any alignment,,Volo's Guide to Monsters,,,,,,,Ice,4
chasme,,6.0,fiend (demon),Large,15,84,fly,chaotic evil,,Monster Manual,,,,,,,Fire,3
chimera,https://www.aidedd.org/dnd/monstres.php?vo=chimera,6.0,monstrosity,Large,14,114,fly,chaotic evil,,Monster Manual (SRD),19.0,11.0,19.0,3.0,14.0,10.0,Piercing,3
choker,,1.0,aberration,Small,16,13,,chaotic evil,,Mordenkainen's Tome of Foes,,,,,,,Piercing,3
choldrith,,3.0,monstrosity,Medium,15,66,,chaotic evil,,Volo's Guide to Monsters,,,,,,,Piercing,4
chuul,https://www.aidedd.org/dnd/monstres.php?vo=chuul,4.0,aberration,Large,16,93,swim,chaotic evil,,Monster Manual (SRD),19.0,10.0,16.0,5.0,11.0,5.0,Piercing,3
clay-golem,https://www.aidedd.org/dnd/monstres.php?vo=clay-golem,9.0,construct,Large,14,133,,unaligned,,Monster Manual (SRD),20.0,9.0,18.0,3.0,8.0,1.0,Blunt,3
cloaker,https://www.aidedd.org/dnd/monstres.php?vo=cloaker,8.0,aberration,Large,14,78,fly,chaotic neutral,,Monster Manual (SRD),17.0,15.0,12.0,13.0,12.0,14.0,Piercing,3
cloud-giant,https://www.aidedd.org/dnd/monstres.php?vo=cloud-giant,9.0,giant,Huge,14,200,,neutral good ,,Monster Manual (SRD),27.0,10.0,22.0,12.0,16.0,16.0,Blunt,2
cloud-giant-smiling-one,,11.0,giant (cloud giant),Huge,15,262,,chaotic neutral,,Volo's Guide to Monsters,,,,,,,Fire,2
commoner,https://www.aidedd.org/dnd/monstres.php?vo=commoner,0.0,humanoid (any race),Medium,10,4,,any alignment,,Monster Manual (SRD),10.0,10.0,10.0,10.0,10.0,10.0,Ice,4
conjurer,,6.0,humanoid (any race),Medium,12,40,,any alignment,,Volo's Guide to Monsters,,,,,,,Ice,4
copper-dragon-wyrmling,https://www.aidedd.org/dnd/monstres.php?vo=copper-dragon-wyrmling,1.0,dragon,Medium,16,22,fly,chaotic good,,Monster Manual (SRD),15.0,12.0,13.0,14.0,11.0,13.0,Piercing,4
corpse-flower,,8.0,plant,Large,12,127,,chaotic evil,,Mordenkainen's Tome of Foes,,,,,,,Ice,3
couatl,https://www.aidedd.org/dnd/monstres.php?vo=couatl,4.0,celestial,Medium,19,97,fly,lawful good,,Monster Manual (SRD),16.0,20.0,17.0,18.0,20.0,18.0,Fire,4
crab,https://www.aidedd.org/dnd/monstres.php?vo=crab,0.0,beast,Tiny,11,2,swim,unaligned,,Monster Manual (SRD),2.0,11.0,10.0,1.0,8.0,2.0,Slashing,2
crag-cat,,1.0,beast,Large,13,34,,unaligned,,Adventures (Storm King's Thunder),,,,,,,Slashing,3
cranium-rat,,0.0,beast,Tiny,12,2,,lawful evil,,Volo's Guide to Monsters,,,,,,,Slashing,2
crawling-claw,https://www.aidedd.org/dnd/monstres.php?vo=crawling-claw,0.0,undead,Tiny,12,2,,neutral evil,,Monster Manual (BR),13.0,14.0,11.0,5.0,10.0,4.0,Piercing,2
crokek-toeck,,14.0,fiend (demon),Gargantuan,15,297,swim,chaotic evil,,Adventures (Descent into Avernus),,,,,,,Fire,1
cult-fanatic,https://www.aidedd.org/dnd/monstres.php?vo=cult-fanatic,2.0,humanoid (any race),Medium,13,33,,any non-good alignment,,Monster Manual (SRD),11.0,14.0,12.0,10.0,13.0,14.0,Ice,4
cyclops,https://www.aidedd.org/dnd/monstres.php?vo=cyclops,6.0,giant,Huge,14,138,,chaotic neutral,,Monster Manual (SRD),22.0,11.0,20.0,8.0,6.0,10.0,Blunt,2
dao,https://www.aidedd.org/dnd/monstres.php?vo=dao,11.0,elemental,Large,18,187,fly,neutral evil,,Monster Manual (BR),23.0,12.0,24.0,12.0,13.0,14.0,Slashing,3
darkling-elder,,2.0,fey,Medium,15,27,,chaotic neutral,,Volo's Guide to Monsters,,,,,,,Ice,4
death-dog,https://www.aidedd.org/dnd/monstres.php?vo=death-dog,1.0,monstrosity,Medium,12,39,,neutral evil,,Monster Manual (SRD),15.0,14.0,14.0,3.0,13.0,6.0,Piercing,4
death-kiss,,10.0,aberration,Large,16,161,fly,neutral evil,,Volo's Guide to Monsters,,,,,,,Piercing,3
death-knight,,17.0,undead,Medium,20,180,,chaotic evil,,Monster Manual,,,,,,,Piercing,4
death-slaad,,10.0,aberration (shapechanger),Medium,18,170,,chaotic evil,,Monster Manual,,,,,,,Ice,4
death-tyrant,,14.0,undead,Large,19,187,fly,lawful evil,Legendary,Monster Manual,,,,,,,Piercing,3
death-s-head-of-bhaal,,5.0,humanoid (human),Medium,15,76,,chaotic evil,,Adventures (Descent into Avernus),,,,,,,Ice,4
deathlock,,4.0,undead,Medium,12,36,,neutral evil,,Mordenkainen's Tome of Foes,,,,,,,Piercing,4
deathlock-mastermind,,8.0,undead,Medium,13,110,,neutral evil,,Mordenkainen's Tome of Foes,,,,,,,Piercing,4
deathlock-wight,,3.0,undead,Medium,12,37,,neutral evil,,Mordenkainen's Tome of Foes,,,,,,,Piercing,4
deep-scion,,3.0,humanoid (shapechanger),Medium,11,67,swim,neutral evil,,Volo's Guide to Monsters,,,,,,,Piercing,4
deer,https://www.aidedd.org/dnd/monstres.php?vo=deer,0.0,beast,Medium,13,4,,unaligned,,Monster Manual (SRD),11.0,16.0,11.0,2.0,14.0,5.0,Slashing,4
deinonychus,,1.0,beast,Medium,13,26,,unaligned,,Adventures (Tomb of Annihilation),,,,,,,Slashing,4
demilich,,18.0,undead,Tiny,20,80,fly,neutral evil,Legendary,Monster Manual,,,,,,,Piercing,2
demogorgon,,26.0,fiend (demon),Huge,22,406,swim,chaotic evil,,Mordenkainen's Tome of Foes,,,,,,,Fire,2
derro-savant,,3.0,humanoid (derro),Small,13,36,,chaotic evil,,Mordenkainen's Tome of Foes,,,,,,,Slashing,3
deva,https://www.aidedd.org/dnd/monstres.php?vo=deva,10.0,celestial,Medium,17,136,fly,lawful good,,Monster Manual (SRD),18.0,18.0,18.0,17.0,20.0,20.0,Fire,4
devilroot,https://www.aidedd.org/dnd/monstres.php?vo=devilroot,7.0,plant,Medium,15,105,,neutral evil,,Extra (AideDD),17.0,11.0,17.0,12.0,14.0,14.0,Ice,4
devourer,,13.0,fiend,Large,16,178,,chaotic evil,,Volo's Guide to Monsters,,,,,,,Fire,3
dhergoloth,,7.0,fiend (yugoloth),Medium,15,119,,neutral evil,,Mordenkainen's Tome of Foes,,,,,,,Fire,4
dire-troll,,13.0,giant,Huge,15,172,,chaotic evil,,Mordenkainen's Tome of Foes,,,,,,,Blunt,2
dire-wolf,https://www.aidedd.org/dnd/monstres.php?vo=dire-wolf,1.0,beast,Large,14,37,,unaligned,,Monster Manual (SRD),17.0,15.0,15.0,3.0,12.0,7.0,Slashing,3
displacer-beast,,3.0,monstrosity,Large,13,85,,lawful evil,,Monster Manual,,,,,,,Piercing,3
diviner,,8.0,humanoid (any race),Medium,12,67,,any alignment,,Volo's Guide to Monsters,,,,,,,Ice,4
djinni,https://www.aidedd.org/dnd/monstres.php?vo=djinni,11.0,elemental,Large,17,161,fly,chaotic good,,Monster Manual (SRD),21.0,15.0,22.0,15.0,16.0,20.0,Slashing,3
doppelganger,https://www.aidedd.org/dnd/monstres.php?vo=doppelganger,3.0,monstrosity (shapechanger),Medium,14,52,,neutral,,Monster Manual (SRD),11.0,18.0,14.0,11.0,12.0,14.0,Blunt,4
draegloth,,7.0,fiend (demon),Large,15,123,,chaotic evil,,Volo's Guide to Monsters,,,,,,,Fire,3
dragon-turtle,https://www.aidedd.org/dnd/monstres.php?vo=dragon-turtle,17.0,dragon,Gargantuan,20,341,swim,neutral,,Monster Manual (SRD),25.0,10.0,20.0,10.0,12.0,12.0,Piercing,1
dragonbait,,5.0,humanoid (saurial),Medium,17,120,,lawful good,,Adventures (Tomb of Annihilation),,,,,,,Slashing,4
drider,https://www.aidedd.org/dnd/monstres.php?vo=drider,6.0,monstrosity,Large,19,123,,chaotic evil,,Monster Manual (SRD),16.0,16.0,18.0,13.0,14.0,12.0,Piercing,3
drow-arachnomancer,,13.0,humanoid (elf),Medium,15,162,,chaotic evil,,Mordenkainen's Tome of Foes,,,,,,,Slashing,4
drow-elite-warrior,,5.0,humanoid (elf),Medium,18,71,,neutral evil,,Monster Manual,,,,,,,Slashing,4
drow-favored-consort,,18.0,humanoid (elf),Medium,15,225,,neutral evil,,Mordenkainen's Tome of Foes,,,,,,,Slashing,4
drow-house-captain,https://www.aidedd.org/dnd/monstres.php?vo=drow-house-captain,9.0,humanoid (elf),Medium,16,162,,neutral evil,,Mordenkainen's Tome of Foes,14.0,19.0,15.0,12.0,14.0,13.0,Slashing,4
drow-inquisitor,https://www.aidedd.org/dnd/monstres.php?vo=drow-inquisitor,14.0,humanoid (elf),Medium,16,143,,neutral evil,,Mordenkainen's Tome of Foes,11.0,15.0,14.0,16.0,21.0,20.0,Slashing,4
drow-mage,https://www.aidedd.org/dnd/monstres.php?vo=drow-mage,7.0,humanoid (elf),Medium,12,45,,neutral evil,,Monster Manual (BR),9.0,14.0,10.0,17.0,13.0,12.0,Slashing,4
drow-matron-mother,,20.0,humanoid (elf),Medium,17,262,,neutral evil,,Mordenkainen's Tome of Foes,,,,,,,Slashing,4
drow-priestress-of-lolth,,8.0,humanoid (elf),Medium,16,71,,neutral evil,,Monster Manual,,,,,,,Slashing,4
drow-shadowblade,,11.0,humanoid (elf),Medium,17,150,,neutral evil,,Mordenkainen's Tome of Foes,,,,,,,Slashing,4
druid,https://www.aidedd.org/dnd/monstres.php?vo=druid,2.0,humanoid (any race),Medium,11,27,,any alignment,,Monster Manual (SRD),10.0,12.0,13.0,12.0,15.0,11.0,Ice,4
dryad,https://www.aidedd.org/dnd/monstres.php?vo=dryad,1.0,fey,Medium,11,22,,neutral,,Monster Manual (SRD),10.0,12.0,11.0,14.0,15.0,18.0,Ice,4
duergar,https://www.aidedd.org/dnd/monstres.php?vo=duergar,1.0,humanoid (dwarf),Medium,16,26,,lawful evil,,Monster Manual (SRD),14.0,11.0,14.0,11.0,10.0,9.0,Ice,4
duergar-despot,,12.0,humanoid (dwarf),Medium,21,119,,lawful evil,,Mordenkainen's Tome of Foes,,,,,,,Ice,4
duergar-kavalrachni,,2.0,humanoid (dwarf),Medium,16,26,,lawful evil,,Mordenkainen's Tome of Foes,,,,,,,Ice,4
duergar-mind-master,,2.0,humanoid (dwarf),Medium,14,39,,lawful evil,,Mordenkainen's Tome of Foes,,,,,,,Ice,4
duergar-soulblade,,1.0,humanoid (dwarf),Medium,14,18,,lawful evil,,Mordenkainen's Tome of Foes,,,,,,,Ice,4
duergar-stone-guard,,2.0,humanoid (dwarf),Medium,18,39,,lawful evil,,Mordenkainen's Tome of Foes,,,,,,,Ice,4
duergar-warlord,,6.0,humanoid (dwarf),Medium,20,75,,lawful evil,,Mordenkainen's Tome of Foes,,,,,,,Ice,4
duergar-xarrorn,,2.0,humanoid (dwarf),Medium,18,26,,lawful evil,,Mordenkainen's Tome of Foes,,,,,,,Ice,4
dybbuk,,4.0,fiend (demon),Medium,14,37,fly,chaotic evil,,Mordenkainen's Tome of Foes,,,,,,,Fire,4
eagle,https://www.aidedd.org/dnd/monstres.php?vo=eagle,0.0,beast,Small,12,3,fly,unaligned,,Monster Manual (SRD),6.0,15.0,10.0,2.0,14.0,7.0,Slashing,3
earth-elemental,https://www.aidedd.org/dnd/monstres.php?vo=earth-elemental,5.0,elemental,Large,17,126,,neutral,,Monster Manual (SRD),20.0,8.0,20.0,5.0,10.0,5.0,Slashing,3
earth-elemental-myrmidon,,7.0,elemental,Medium,18,127,,neutral,,Mordenkainen's Tome of Foes,,,,,,,Slashing,4
eblis,,1.0,monstrosity,Large,13,26,fly,neutral evil,,Adventures (Tomb of Annihilation),,,,,,,Piercing,3
efreeti,https://www.aidedd.org/dnd/monstres.php?vo=efreeti,11.0,elemental,Large,17,200,fly,lawful evil,,Monster Manual (SRD),22.0,12.0,24.0,16.0,15.0,16.0,Slashing,3
eidolon,,12.0,undead,Medium,9,63,fly,any alignment,,Mordenkainen's Tome of Foes,,,,,,,Piercing,4
elder-brain,,14.0,aberration,Large,10,210,swim,lawful evil,Legendary,Volo's Guide to Monsters,,,,,,,Piercing,3
elder-oblex,,10.0,ooze,Huge,16,115,,lawful evil,,Mordenkainen's Tome of Foes,,,,,,,Blunt,2
elder-tempest,,23.0,elemental,Gargantuan,19,264,fly,neutral,,Mordenkainen's Tome of Foes,,,,,,,Slashing,1
elephant,https://www.aidedd.org/dnd/monstres.php?vo=elephant,4.0,beast,Huge,12,76,,unaligned,,Monster Manual (SRD),22.0,9.0,17.0,3.0,11.0,6.0,Slashing,2
empyrean,,23.0,celestial (titan),Huge,22,313,"fly, swim",chaotic good ,Legendary,Monster Manual,,,,,,,Slashing,2
enchanter,,5.0,humanoid (any race),Medium,12,40,,any alignment,,Volo's Guide to Monsters,,,,,,,Ice,4
erinyes,https://www.aidedd.org/dnd/monstres.php?vo=erinyes,12.0,fiend (devil),Medium,18,153,fly,lawful evil,,Monster Manual (SRD),18.0,16.0,18.0,14.0,14.0,18.0,Fire,4
ettercap,https://www.aidedd.org/dnd/monstres.php?vo=ettercap,2.0,monstrosity,Medium,13,44,,neutral evil,,Monster Manual (SRD),14.0,15.0,13.0,7.0,12.0,8.0,Piercing,4
ettin,https://www.aidedd.org/dnd/monstres.php?vo=ettin,4.0,giant,Large,12,85,,chaotic evil,,Monster Manual (SRD),21.0,8.0,17.0,6.0,10.0,8.0,Blunt,3
evoker,,9.0,humanoid (any race),Medium,12,66,,any alignment,,Volo's Guide to Monsters,,,,,,,Ice,4
expert-lvl-1,,0.0,humanoid (any race),Medium,14,11,,any alignment,,Essentials Kit,,,,,,,Ice,4
expert-lvl-2,,0.0,humanoid (any race),Medium,14,16,,any alignment,,Essentials Kit,,,,,,,Ice,4
expert-lvl-3,,0.0,humanoid (any race),Medium,14,22,,any alignment,,Essentials Kit,,,,,,,Ice,4
expert-lvl-4,,0.0,humanoid (any race),Medium,14,27,,any alignment,,Essentials Kit,,,,,,,Ice,4
expert-lvl-5,,0.0,humanoid (any race),Medium,14,33,,any alignment,,Essentials Kit,,,,,,,Ice,4
expert-lvl-6,,0.0,humanoid (any race),Medium,14,38,,any alignment,,Essentials Kit,,,,,,,Ice,4
faerie-dragon,,1.0,dragon,Tiny,15,14,fly,chaotic good,,Monster Manual,,,,,,,Piercing,2
female-steeder,,1.0,monstrosity,Large,14,30,,unaligned,,Mordenkainen's Tome of Foes,,,,,,,Piercing,3
fire-elemental,https://www.aidedd.org/dnd/monstres.php?vo=fire-elemental,5.0,elemental,Large,13,102,,neutral,,Monster Manual (SRD),10.0,17.0,16.0,6.0,10.0,7.0,Slashing,3
fire-elemental-myrmidon,,7.0,elemental,Medium,18,123,,neutral,,Mordenkainen's Tome of Foes,,,,,,,Slashing,4
fire-giant,https://www.aidedd.org/dnd/monstres.php?vo=fire-giant,9.0,giant,Huge,18,162,,lawful evil,,Monster Manual (SRD),25.0,9.0,23.0,10.0,14.0,13.0,Blunt,2
fire-giant-dreadnought,,14.0,giant (fire giant),Huge,21,187,,lawful evil,,Volo's Guide to Monsters,,,,,,,Fire,2
fire-snake,https://www.aidedd.org/dnd/monstres.php?vo=fire-snake,1.0,elemental,Medium,14,22,,neutral evil,,Monster Manual (BR),12.0,14.0,11.0,7.0,10.0,8.0,Slashing,4
firenewt-warlock-of-imix,,1.0,humanoid (firenewt),Medium,10,33,,neutral evil,,Volo's Guide to Monsters,,,,,,,Fire,4
flail-snail,,3.0,elemental,Large,16,52,,unaligned,,Volo's Guide to Monsters,,,,,,,Slashing,3
flameskull,https://www.aidedd.org/dnd/monstres.php?vo=flameskull,4.0,undead,Tiny,13,40,fly,neutral evil,,Monster Manual (SRD),1.0,17.0,14.0,16.0,10.0,11.0,Piercing,2
flesh-golem,https://www.aidedd.org/dnd/monstres.php?vo=flesh-golem,5.0,construct,Medium,9,93,,neutral,,Monster Manual (SRD),19.0,9.0,18.0,6.0,10.0,5.0,Blunt,4
flind,https://www.aidedd.org/dnd/monstres.php?vo=flind,9.0,humanoid (gnoll),Medium,16,127,,chaotic evil,,Volo's Guide to Monsters,20.0,10.0,19.0,11.0,13.0,12.0,Ice,4
fomorian,,8.0,giant,Huge,14,149,,chaotic evil,,Monster Manual,,,,,,,Blunt,2
fraz-urb-luu,,23.0,fiend (demon),Large,18,337,fly,chaotic evil,,Mordenkainen's Tome of Foes,,,,,,,Fire,3
frog,https://www.aidedd.org/dnd/monstres.php?vo=frog,0.0,beast,Tiny,11,1,swim,unaligned,,Monster Manual (SRD),1.0,13.0,8.0,1.0,8.0,3.0,Slashing,2
froghemoth,https://www.aidedd.org/dnd/monstres.php?vo=froghemoth,10.0,monstrosity,Huge,14,184,swim,unaligned,,Volo's Guide to Monsters,23.0,13.0,20.0,2.0,12.0,5.0,Piercing,2
frost-giant,https://www.aidedd.org/dnd/monstres.php?vo=frost-giant,8.0,giant,Huge,15,138,,neutral evil,,Monster Manual (SRD),23.0,9.0,21.0,9.0,10.0,12.0,Blunt,2
frost-giant-everlasting-one,,12.0,giant (frost giant),Huge,15,189,,chaotic evil,,Volo's Guide to Monsters,,,,,,,Ice,2
frost-salamander,,9.0,elemental,Huge,17,168,,unaligned,,Mordenkainen's Tome of Foes,,,,,,,Slashing,2
galeb-duhr,https://www.aidedd.org/dnd/monstres.php?vo=galeb-duhr,6.0,elemental,Medium,16,85,,neutral,,Monster Manual (BR),20.0,14.0,20.0,11.0,12.0,11.0,Slashing,4
gargoyle,https://www.aidedd.org/dnd/monstres.php?vo=gargoyle,2.0,elemental,Medium,15,52,fly,chaotic evil,,Monster Manual (SRD),15.0,11.0,16.0,6.0,11.0,7.0,Slashing,4
gauth,https://www.aidedd.org/dnd/monstres.php?vo=gauth,6.0,aberration,Medium,15,67,fly,lawful evil,,Volo's Guide to Monsters,10.0,14.0,16.0,15.0,15.0,13.0,Piercing,4
gelatinous-cube,https://www.aidedd.org/dnd/monstres.php?vo=gelatinous-cube,2.0,ooze,Large,6,84,,unaligned,,Monster Manual (SRD),14.0,3.0,20.0,1.0,6.0,1.0,Blunt,3
geryon,,22.0,fiend (devil),Huge,19,300,fly,lawful evil,,Mordenkainen's Tome of Foes,,,,,,,Fire,2
ghast,https://www.aidedd.org/dnd/monstres.php?vo=ghast,2.0,undead,Medium,13,36,,chaotic evil,,Monster Manual (SRD),16.0,17.0,10.0,11.0,10.0,8.0,Piercing,4
ghost,https://www.aidedd.org/dnd/monstres.php?vo=ghost,4.0,undead,Medium,11,45,fly,any alignment,,Monster Manual (SRD),7.0,13.0,10.0,10.0,12.0,17.0,Piercing,4
ghoul,https://www.aidedd.org/dnd/monstres.php?vo=ghoul,1.0,undead,Medium,12,22,,chaotic evil,,Monster Manual (SRD),13.0,15.0,10.0,7.0,10.0,6.0,Piercing,4
giant-ape,https://www.aidedd.org/dnd/monstres.php?vo=giant-ape,7.0,beast,Huge,12,157,,unaligned,,Monster Manual (SRD),23.0,14.0,18.0,7.0,12.0,7.0,Slashing,2
giant-boar,https://www.aidedd.org/dnd/monstres.php?vo=giant-boar,2.0,beast,Large,12,42,,unaligned,,Monster Manual (SRD),17.0,10.0,16.0,2.0,7.0,5.0,Slashing,3
giant-constrictor-snake,https://www.aidedd.org/dnd/monstres.php?vo=giant-constrictor-snake,2.0,beast,Huge,12,60,swim,unaligned,,Monster Manual (SRD),19.0,14.0,12.0,1.0,10.0,3.0,Slashing,2
giant-crocodile,https://www.aidedd.org/dnd/monstres.php?vo=giant-crocodile,5.0,beast,Huge,14,85,swim,unaligned,,Monster Manual (SRD),21.0,9.0,17.0,2.0,10.0,7.0,Slashing,2
giant-eagle,https://www.aidedd.org/dnd/monstres.php?vo=giant-eagle,1.0,beast,Large,13,26,fly,neutral good,,Monster Manual (SRD),16.0,17.0,13.0,8.0,14.0,10.0,Slashing,3
giant-elk,https://www.aidedd.org/dnd/monstres.php?vo=giant-elk,2.0,beast,Huge,14,42,,unaligned,,Monster Manual (SRD),19.0,16.0,14.0,7.0,14.0,10.0,Slashing,2
giant-fire-beetle,https://www.aidedd.org/dnd/monstres.php?vo=giant-fire-beetle,0.0,beast,Small,13,4,,unaligned,,Monster Manual (SRD),8.0,10.0,12.0,1.0,7.0,3.0,Slashing,3
giant-four-armed-gargoyle,,10.0,elemental,Large,17,147,fly,chaotic evil,,Adventures (Tomb of Annihilation),,,,,,,Slashing,3
giant-hyena,https://www.aidedd.org/dnd/monstres.php?vo=giant-hyena,1.0,beast,Large,12,45,,unaligned,,Monster Manual (SRD),16.0,14.0,14.0,2.0,12.0,7.0,Slashing,3
giant-octopus,https://www.aidedd.org/dnd/monstres.php?vo=giant-octopus,1.0,beast,Large,11,52,swim,unaligned,,Monster Manual (SRD),17.0,13.0,13.0,4.0,10.0,4.0,Slashing,3
giant-scorpion,https://www.aidedd.org/dnd/monstres.php?vo=giant-scorpion,3.0,beast,Large,15,52,,unaligned,,Monster Manual (SRD),15.0,13.0,15.0,1.0,9.0,3.0,Slashing,3
giant-shark,https://www.aidedd.org/dnd/monstres.php?vo=giant-shark,5.0,beast,Huge,13,126,swim,unaligned,,Monster Manual (SRD),23.0,11.0,21.0,1.0,10.0,5.0,Slashing,2
giant-spider,https://www.aidedd.org/dnd/monstres.php?vo=giant-spider,1.0,beast,Large,14,26,,unaligned,,Monster Manual (SRD),14.0,16.0,12.0,2.0,11.0,4.0,Slashing,3
giant-strider,,1.0,monstrosity,Large,14,22,,neutral evil,,Volo's Guide to Monsters,,,,,,,Piercing,3
giant-toad,https://www.aidedd.org/dnd/monstres.php?vo=giant-toad,1.0,beast,Large,11,39,swim,unaligned,,Monster Manual (SRD),15.0,13.0,13.0,2.0,10.0,3.0,Slashing,3
giant-vulture,https://www.aidedd.org/dnd/monstres.php?vo=giant-vulture,1.0,beast,Large,10,22,fly,neutral evil,,Monster Manual (SRD),15.0,10.0,15.0,6.0,12.0,7.0,Slashing,3
gibbering-mouther,https://www.aidedd.org/dnd/monstres.php?vo=gibbering-mouther,2.0,aberration,Medium,9,67,swim,neutral,,Monster Manual (SRD),10.0,8.0,16.0,3.0,10.0,6.0,Piercing,4
giff,,3.0,humanoid,Medium,16,60,,lawful neutral,,Mordenkainen's Tome of Foes,,,,,,,Ice,4
girallon,,4.0,monstrosity,Large,13,59,,unaligned,,Volo's Guide to Monsters,,,,,,,Piercing,3
githyanki-gish,,10.0,humanoid (gith),Medium,17,123,,lawful evil,,Mordenkainen's Tome of Foes,,,,,,,Piercing,4
githyanki-kith--rak,,12.0,humanoid (gith),Medium,18,180,,lawful evil,,Mordenkainen's Tome of Foes,,,,,,,Piercing,4
githyanki-knight,,8.0,humanoid (gith),Medium,18,91,,lawful evil,,Monster Manual,,,,,,,Piercing,4
githyanki-supreme-commander,,14.0,humanoid (gith),Medium,18,187,,lawful evil,,Mordenkainen's Tome of Foes,,,,,,,Piercing,4
githyanki-warrior,,3.0,humanoid (gith),Medium,17,49,,lawful evil,,Monster Manual,,,,,,,Piercing,4
githzerai-anarch,,16.0,humanoid (gith),Medium,20,144,fly,lawful neutral,,Mordenkainen's Tome of Foes,,,,,,,Piercing,4
githzerai-enlightned,,10.0,humanoid (gith),Medium,18,112,,lawful neutral,,Mordenkainen's Tome of Foes,,,,,,,Piercing,4
githzerai-monk,,2.0,humanoid (gith),Medium,14,38,,lawful neutral,,Monster Manual,,,,,,,Piercing,4
githzerai-zerth,,6.0,humanoid (gith),Medium,17,84,,lawful neutral,,Monster Manual,,,,,,,Piercing,4
glabrezu,https://www.aidedd.org/dnd/monstres.php?vo=glabrezu,9.0,fiend (demon),Large,17,157,,chaotic evil,,Monster Manual (SRD),20.0,15.0,21.0,19.0,17.0,16.0,Fire,3
gladiator,https://www.aidedd.org/dnd/monstres.php?vo=gladiator,5.0,humanoid (any race),Medium,16,112,,any alignment,,Monster Manual (SRD),18.0,15.0,16.0,10.0,12.0,15.0,Ice,4
gloom-weaver,,9.0,humanoid (elf),Medium,14,104,,neutral,,Mordenkainen's Tome of Foes,,,,,,,Slashing,4
gnoll-fang-of-yeenoghu,,4.0,fiend (gnoll),Medium,14,65,,chaotic evil,,Monster Manual,,,,,,,Fire,4
gnoll-flesh-gnawer,,1.0,humanoid (gnoll),Medium,14,22,,chaotic evil,,Volo's Guide to Monsters,,,,,,,Ice,4
gnoll-pack-lord,https://www.aidedd.org/dnd/monstres.php?vo=gnoll-pack-lord,2.0,humanoid (gnoll),Medium,15,49,,chaotic evil,,Monster Manual (BR),16.0,14.0,13.0,8.0,11.0,9.0,Ice,4
goat,https://www.aidedd.org/dnd/monstres.php?vo=goat,0.0,beast,Medium,10,4,,unaligned,,Monster Manual (SRD),12.0,10.0,11.0,2.0,10.0,5.0,Slashing,4
goblin-boss,,1.0,humanoid (goblinoid),Small,17,21,,neutral evil,,Monster Manual,,,,,,,Blunt,3
gold-dragon-wyrmling,https://www.aidedd.org/dnd/monstres.php?vo=gold-dragon-wyrmling,3.0,dragon,Medium,17,60,"fly, swim",lawful good,,Monster Manual (SRD),19.0,14.0,17.0,14.0,11.0,16.0,Piercing,4
gorgon,https://www.aidedd.org/dnd/monstres.php?vo=gorgon,5.0,monstrosity,Large,19,114,,unaligned,,Monster Manual (SRD),20.0,11.0,18.0,2.0,12.0,7.0,Piercing,3
goristro,,17.0,fiend (demon),Huge,19,310,,chaotic evil,,Monster Manual,,,,,,,Fire,2
gray-render,,12.0,monstrosity,Large,19,189,,chaotic neutral,,Mordenkainen's Tome of Foes,,,,,,,Piercing,3
gray-slaad,,9.0,aberration (shapechanger),Medium,18,127,,chaotic neutral,,Monster Manual,,,,,,,Ice,4
graz-zt,,24.0,"fiend (demon, shapechanger)",Large,20,346,,chaotic evil,,Mordenkainen's Tome of Foes,,,,,,,Fire,3
green-abishai,,15.0,fiend (devil),Medium,18,187,fly,lawful evil,,Mordenkainen's Tome of Foes,,,,,,,Fire,4
green-dragon-wyrmling,https://www.aidedd.org/dnd/monstres.php?vo=green-dragon-wyrmling,2.0,dragon,Medium,17,38,"fly, swim",lawful evil,,Monster Manual (SRD),15.0,12.0,13.0,14.0,11.0,13.0,Piercing,4
green-hag,https://www.aidedd.org/dnd/monstres.php?vo=green-hag,3.0,fey,Medium,17,82,,neutral evil,,Monster Manual (SRD),18.0,12.0,16.0,13.0,14.0,14.0,Ice,4
green-slaad,,8.0,aberration (shapechanger),Large,16,127,,chaotic neutral,,Monster Manual,,,,,,,Ice,3
grell,https://www.aidedd.org/dnd/monstres.php?vo=grell,3.0,aberration,Medium,12,55,fly,neutral evil,,Monster Manual (BR),15.0,14.0,13.0,12.0,11.0,9.0,Piercing,4
grick,https://www.aidedd.org/dnd/monstres.php?vo=grick,2.0,monstrosity,Medium,14,27,,neutral,,Monster Manual (SRD),14.0,14.0,11.0,3.0,14.0,5.0,Piercing,4
grick-alpha,,7.0,monstrosity,Large,18,75,,neutral,,Monster Manual,,,,,,,Piercing,3
griffon,https://www.aidedd.org/dnd/monstres.php?vo=griffon,2.0,monstrosity,Large,12,59,fly,unaligned,,Monster Manual (SRD),18.0,15.0,16.0,2.0,13.0,8.0,Piercing,3
grung-elite-warrior,,2.0,humanoid (grung),Small,13,49,,lawful evil,,Volo's Guide to Monsters,,,,,,,Piercing,3
grung-wildling,,1.0,humanoid (grung),Small,13,27,,lawful evil,,Volo's Guide to Monsters,,,,,,,Piercing,3
guard-drake,,2.0,dragon,Medium,14,52,,unaligned,,Volo's Guide to Monsters,,,,,,,Piercing,4
guardian-naga,https://www.aidedd.org/dnd/monstres.php?vo=guardian-naga,10.0,monstrosity,Large,18,127,,lawful good,,Monster Manual (SRD),19.0,18.0,16.0,16.0,19.0,18.0,Piercing,3
gynosphinx,https://www.aidedd.org/dnd/monstres.php?vo=gynosphinx,11.0,monstrosity,Large,17,136,fly,lawful neutral,Legendary,Monster Manual (SRD),18.0,15.0,16.0,18.0,18.0,18.0,Piercing,3
halaster-blackcloak,,23.0,humanoid (human),Medium,14,246,,chaotic evil,,Adventures (Dungeon of the Mad Mage),,,,,,,Ice,4
half-ogre,https://www.aidedd.org/dnd/monstres.php?vo=half-ogre,1.0,giant,Large,12,30,,any chaotic alignment,,Monster Manual (BR),17.0,10.0,14.0,7.0,9.0,10.0,Blunt,3
half-red-dragon-veteran,https://www.aidedd.org/dnd/monstres.php?vo=half-red-dragon-veteran,5.0,humanoid (human),Medium,18,65,,any alignment,,Monster Manual (BR),16.0,13.0,14.0,10.0,11.0,10.0,Ice,4
harpy,https://www.aidedd.org/dnd/monstres.php?vo=harpy,1.0,monstrosity,Medium,11,38,fly,chaotic evil,,Monster Manual (SRD),12.0,13.0,12.0,7.0,10.0,13.0,Piercing,4
hawk,https://www.aidedd.org/dnd/monstres.php?vo=hawk,0.0,beast,Tiny,13,1,fly,unaligned,,Monster Manual (SRD),5.0,16.0,8.0,2.0,14.0,6.0,Slashing,2
hell-hound,https://www.aidedd.org/dnd/monstres.php?vo=hell-hound,3.0,fiend,Medium,15,45,,lawful evil,,Monster Manual (SRD),17.0,12.0,14.0,6.0,13.0,6.0,Fire,4
hellfire-engine,,16.0,construct,Huge,18,216,,lawful evil,,Mordenkainen's Tome of Foes,,,,,,,Blunt,2
hellwasp,,5.0,fiend,Large,19,52,fly,lawful evil,,Adventures (Descent into Avernus),,,,,,,Fire,3
helmed-horror,https://www.aidedd.org/dnd/monstres.php?vo=helmed-horror,4.0,construct,Medium,20,60,fly,neutral,,Monster Manual (BR),18.0,13.0,16.0,10.0,10.0,10.0,Blunt,4
hezrou,https://www.aidedd.org/dnd/monstres.php?vo=hezrou,8.0,fiend (demon),Large,16,136,,chaotic evil,,Monster Manual (SRD),19.0,17.0,20.0,5.0,12.0,13.0,Fire,3
hill-giant,https://www.aidedd.org/dnd/monstres.php?vo=hill-giant,5.0,giant,Huge,13,105,,chaotic evil,,Monster Manual (SRD),21.0,8.0,19.0,5.0,9.0,6.0,Blunt,2
hippogriff,https://www.aidedd.org/dnd/monstres.php?vo=hippogriff,1.0,monstrosity,Large,11,19,fly,unaligned,,Monster Manual (SRD),17.0,13.0,13.0,2.0,12.0,8.0,Piercing,3
hobgoblin-captain,https://www.aidedd.org/dnd/monstres.php?vo=hobgoblin-captain,3.0,humanoid (goblinoid),Medium,17,39,,lawful evil,,Monster Manual (BR),15.0,14.0,14.0,12.0,10.0,13.0,Blunt,4
hobgoblin-devastator,,4.0,humanoid (goblinoid),Medium,13,45,,lawful evil,,Volo's Guide to Monsters,,,,,,,Blunt,4
hobgoblin-iron-shadow,https://www.aidedd.org/dnd/monstres.php?vo=hobgoblin-iron-shadow,2.0,humanoid (goblinoid),Medium,15,32,,lawful evil,,Volo's Guide to Monsters,14.0,16.0,15.0,14.0,15.0,11.0,Blunt,4
hobgoblin-warlord,,6.0,humanoid (goblinoid),Medium,20,97,,lawful evil,,Monster Manual,,,,,,,Blunt,4
homunculus,https://www.aidedd.org/dnd/monstres.php?vo=homunculus,0.0,construct,Tiny,13,5,fly,neutral,,Monster Manual (SRD),4.0,15.0,11.0,10.0,10.0,7.0,Blunt,2
hook-horror,https://www.aidedd.org/dnd/monstres.php?vo=hook-horror,3.0,monstrosity,Large,15,75,,neutral,,Monster Manual (BR),18.0,10.0,15.0,6.0,12.0,7.0,Piercing,3
horned-devil,https://www.aidedd.org/dnd/monstres.php?vo=horned-devil,11.0,fiend (devil),Large,18,178,fly,lawful evil,,Monster Manual (SRD),22.0,17.0,21.0,12.0,16.0,17.0,Fire,3
howler,,8.0,fiend,Large,16,90,,chaotic evil,,Mordenkainen's Tome of Foes,,,,,,,Fire,3
hulking-crab,,5.0,beast,Huge,17,76,swim,unaligned,,Adventures (Storm King's Thunder),,,,,,,Slashing,2
hunter-shark,https://www.aidedd.org/dnd/monstres.php?vo=hunter-shark,2.0,beast,Large,12,45,swim,unaligned,,Monster Manual (SRD),18.0,13.0,15.0,1.0,10.0,4.0,Slashing,3
hutijin,,21.0,fiend (devil),Large,19,200,fly,lawful evil,,Mordenkainen's Tome of Foes,,,,,,,Fire,3
hydra,https://www.aidedd.org/dnd/monstres.php?vo=hydra,8.0,monstrosity,Huge,15,172,swim,unaligned,,Monster Manual (SRD),20.0,12.0,20.0,2.0,10.0,7.0,Piercing,2
hydroloth,,9.0,fiend (yugoloth),Medium,15,135,swim,neutral evil,,Mordenkainen's Tome of Foes,,,,,,,Fire,4
hyena,https://www.aidedd.org/dnd/monstres.php?vo=hyena,0.0,beast,Medium,11,5,,unaligned,,Monster Manual (SRD),11.0,13.0,12.0,2.0,12.0,5.0,Slashing,4
ice-devil,https://www.aidedd.org/dnd/monstres.php?vo=ice-devil,14.0,fiend (devil),Large,18,180,,lawful evil,,Monster Manual (SRD),21.0,14.0,18.0,18.0,15.0,18.0,Fire,3
ice-toad,,1.0,monstrosity,Medium,12,32,swim,neutral,,Adventures (Tyranny of Dragons),,,,,,,Piercing,4
illusionist,,3.0,humanoid (any race),Medium,12,38,,any alignment,,Volo's Guide to Monsters,,,,,,,Ice,4
imix,,19.0,elemental,Huge,17,325,fly,neutral evil,,Adventures (Princes of the Apocalypse),,,,,,,Slashing,2
imp,https://www.aidedd.org/dnd/monstres.php?vo=imp,1.0,"fiend (devil, shapechanger)",Tiny,13,10,fly,lawful evil,,Monster Manual (SRD),6.0,17.0,13.0,11.0,12.0,14.0,Fire,2
intellect-devourer,,2.0,aberration,Tiny,12,21,,lawful evil,,Monster Manual,,,,,,,Piercing,2
invisible-stalker,https://www.aidedd.org/dnd/monstres.php?vo=invisible-stalker,6.0,elemental,Medium,14,104,fly,neutral,,Monster Manual (SRD),16.0,19.0,14.0,10.0,15.0,11.0,Slashing,4
iron-cobra,,4.0,construct,Medium,13,45,,unaligned,,Mordenkainen's Tome of Foes,,,,,,,Blunt,4
iron-consul,,2.0,humanoid (human),Medium,16,45,,lawful evil,,Adventures (Descent into Avernus),,,,,,,Ice,4
iron-golem,https://www.aidedd.org/dnd/monstres.php?vo=iron-golem,16.0,construct,Large,20,210,,unaligned,,Monster Manual (SRD),24.0,9.0,20.0,3.0,11.0,1.0,Blunt,3
jackal,https://www.aidedd.org/dnd/monstres.php?vo=jackal,0.0,beast,Small,12,3,,unaligned,,Monster Manual (SRD),8.0,15.0,11.0,3.0,12.0,6.0,Slashing,3
jarlaxle-baenre,,15.0,humanoid (elf),Medium,24,123,,chaotic neutral,,Adventures (Dragon Heist),,,,,,,Slashing,4
juiblex,,23.0,fiend (demon),Huge,18,350,,chaotic evil,,Mordenkainen's Tome of Foes,,,,,,,Fire,2
kamadan,,4.0,monstrosity,Large,13,67,,unaligned,,Adventures (Tomb of Annihilation),,,,,,,Piercing,3
ki-rin,,12.0,celestial,Huge,20,152,fly,lawful good,Legendary,Volo's Guide to Monsters,,,,,,,Fire,2
killer-whale,https://www.aidedd.org/dnd/monstres.php?vo=killer-whale,3.0,beast,Huge,12,90,swim,unaligned,,Monster Manual (SRD),19.0,10.0,13.0,3.0,12.0,7.0,Slashing,2
knight,https://www.aidedd.org/dnd/monstres.php?vo=knight,3.0,humanoid (any race),Medium,18,52,,any alignment,,Monster Manual (SRD),16.0,11.0,14.0,11.0,11.0,15.0,Ice,4
kobold-dragonshield,,1.0,humanoid (kobold),Small,15,44,,lawful evil,,Volo's Guide to Monsters,,,,,,,Blunt,3
kobold-scale-sorcerer,,1.0,humanoid (kobold),Small,15,27,,lawful evil,,Volo's Guide to Monsters,,,,,,,Blunt,3
korred,,7.0,fey,Small,17,102,,chaotic neutral,,Volo's Guide to Monsters,,,,,,,Ice,3
kraken,https://www.aidedd.org/dnd/monstres.php?vo=kraken,23.0,monstrosity (titan),Gargantuan,18,472,swim,chaotic evil,Legendary,Monster Manual (SRD),30.0,11.0,25.0,22.0,18.0,20.0,Blunt,1
kraken-priest,,5.0,humanoid (any race),Medium,10,75,swim,any evil alignment,,Volo's Guide to Monsters,,,,,,,Ice,4
kruthik-hive-lord,,5.0,monstrosity,Large,20,102,,unaligned,,Mordenkainen's Tome of Foes,,,,,,,Piercing,3
kuo-toa-archpriest,https://www.aidedd.org/dnd/monstres.php?vo=kuo-toa-archpriest,6.0,humanoid (kuo-toa),Medium,13,97,swim,neutral evil,,Monster Manual (BR),16.0,14.0,16.0,13.0,16.0,14.0,Piercing,4
kuo-toa-whip,https://www.aidedd.org/dnd/monstres.php?vo=kuo-toa-whip,1.0,humanoid (kuo-toa),Medium,11,65,swim,neutral evil,,Monster Manual (BR),14.0,10.0,14.0,12.0,14.0,11.0,Piercing,4
laeral-silverhand,https://www.aidedd.org/dnd/monstres.php?vo=laeral-silverhand,17.0,humanoid (human),Medium,18,228,,chaotic good,,Adventures (Dragon Heist),13.0,17.0,20.0,20.0,20.0,19.0,Ice,4
lamia,https://www.aidedd.org/dnd/monstres.php?vo=lamia,4.0,monstrosity,Large,13,97,,chaotic evil,,Monster Manual (SRD),16.0,13.0,15.0,14.0,15.0,16.0,Piercing,3
lemure,https://www.aidedd.org/dnd/monstres.php?vo=lemure,0.0,fiend (devil),Medium,7,13,,lawful evil,,Monster Manual (SRD),10.0,5.0,11.0,1.0,11.0,3.0,Fire,4
leucrotta,,3.0,monstrosity,Large,14,67,,chaotic evil,,Volo's Guide to Monsters,,,,,,,Piercing,3
leviathan,,20.0,elemental,Gargantuan,17,328,swim,neutral,,Mordenkainen's Tome of Foes,,,,,,,Slashing,1
lich,https://www.aidedd.org/dnd/monstres.php?vo=lich,21.0,undead,Medium,17,135,,any evil alignment,Legendary,Monster Manual (SRD),11.0,16.0,16.0,20.0,14.0,16.0,Piercing,4
lion,https://www.aidedd.org/dnd/monstres.php?vo=lion,1.0,beast,Large,12,26,,unaligned,,Monster Manual (SRD),17.0,15.0,13.0,3.0,12.0,8.0,Slashing,3
lizard,https://www.aidedd.org/dnd/monstres.php?vo=lizard,0.0,beast,Tiny,10,2,,unaligned,,Monster Manual (SRD),2.0,11.0,10.0,1.0,8.0,3.0,Slashing,2
lizard-king-queen,https://www.aidedd.org/dnd/monstres.php?vo=lizard-king-queen,4.0,humanoid (lizardfolk),Medium,15,78,swim,chaotic evil,,Monster Manual (BR),17.0,12.0,15.0,11.0,11.0,15.0,Ice,4
lizardfolk-shaman,https://www.aidedd.org/dnd/monstres.php?vo=lizardfolk-shaman,2.0,humanoid (lizardfolk),Medium,13,27,swim,neutral,,Monster Manual (BR),15.0,10.0,13.0,10.0,15.0,8.0,Ice,4
mage,https://www.aidedd.org/dnd/monstres.php?vo=mage,6.0,humanoid (any race),Medium,12,40,,any alignment,,Monster Manual (SRD),9.0,14.0,11.0,17.0,12.0,11.0,Ice,4
mammoth,https://www.aidedd.org/dnd/monstres.php?vo=mammoth,6.0,beast,Huge,13,126,,unaligned,,Monster Manual (SRD),24.0,9.0,21.0,3.0,11.0,6.0,Slashing,2
manshoon,,13.0,humanoid (human),Medium,19,126,,lawful evil,,Adventures (Dragon Heist),,,,,,,Ice,4
manticore,https://www.aidedd.org/dnd/monstres.php?vo=manticore,3.0,monstrosity,Large,14,68,fly,lawful evil,,Monster Manual (SRD),17.0,16.0,17.0,7.0,12.0,8.0,Piercing,3
mantrap,,1.0,plant,Large,12,45,,unaligned,,Adventures (Tomb of Annihilation),,,,,,,Ice,3
marid,,11.0,elemental,Large,17,229,"fly, swim",chaotic neutral,,Monster Manual,,,,,,,Slashing,3
marilith,https://www.aidedd.org/dnd/monstres.php?vo=marilith,16.0,fiend (demon),Large,18,189,,chaotic evil,,Monster Manual (SRD),18.0,20.0,20.0,18.0,16.0,20.0,Fire,3
martial-arts-adept,,3.0,humanoid (any race),Medium,16,60,,any alignment,,Volo's Guide to Monsters,,,,,,,Ice,4
marut,,25.0,construct (inevitable),Large,22,432,fly,lawful neutral,,Mordenkainen's Tome of Foes,,,,,,,Blunt,3
master-of-souls,,4.0,humanoid (human),Medium,12,45,,neutral evil,,Adventures (Descent into Avernus),,,,,,,Ice,4
master-thief,,5.0,humanoid (any race),Medium,16,84,,any alignment,,Volo's Guide to Monsters,,,,,,,Ice,4
maurezhi,,7.0,fiend (demon),Medium,15,88,,chaotic evil,,Mordenkainen's Tome of Foes,,,,,,,Fire,4
maw-demon,,1.0,fiend (demon),Medium,13,33,,chaotic evil,,Volo's Guide to Monsters,,,,,,,Fire,4
meazel,,1.0,humanoid (meazel),Medium,13,35,,neutral evil,,Mordenkainen's Tome of Foes,,,,,,,Slashing,4
medusa,https://www.aidedd.org/dnd/monstres.php?vo=medusa,6.0,monstrosity,Medium,15,127,,lawful evil,,Monster Manual (SRD),10.0,15.0,16.0,12.0,13.0,15.0,Piercing,4
meenlock,,2.0,fey,Small,15,31,,neutral evil,,Volo's Guide to Monsters,,,,,,,Ice,3
merregon,,4.0,fiend (devil),Medium,16,45,,lawful evil,,Mordenkainen's Tome of Foes,,,,,,,Fire,4
merrenoloth,,3.0,fiend (yugoloth),Medium,13,40,swim,neutral evil,,Mordenkainen's Tome of Foes,,,,,,,Fire,4
merrow,https://www.aidedd.org/dnd/monstres.php?vo=merrow,2.0,monstrosity,Large,13,45,swim,chaotic evil,,Monster Manual (SRD),18.0,10.0,15.0,8.0,10.0,9.0,Piercing,3
mezzoloth,https://www.aidedd.org/dnd/monstres.php?vo=mezzoloth,5.0,fiend (yugoloth),Medium,18,75,,neutral evil,,Monster Manual (BR),18.0,11.0,16.0,7.0,10.0,11.0,Fire,4
mimic,https://www.aidedd.org/dnd/monstres.php?vo=mimic,2.0,monstrosity (shapechanger),Medium,12,58,,neutral,,Monster Manual (SRD),17.0,12.0,15.0,5.0,13.0,8.0,Blunt,4
mind-flayer,,7.0,aberration,Medium,15,71,,lawful evil,,Monster Manual,,,,,,,Piercing,4
mindwitness,https://www.aidedd.org/dnd/monstres.php?vo=mindwitness,5.0,aberration,Large,15,75,fly,lawful evil,,Volo's Guide to Monsters,10.0,14.0,14.0,15.0,15.0,10.0,Piercing,3
minotaur,https://www.aidedd.org/dnd/monstres.php?vo=minotaur,3.0,monstrosity,Large,14,76,,chaotic evil,,Monster Manual (SRD),18.0,11.0,16.0,6.0,16.0,9.0,Piercing,3
minotaur-skeleton,https://www.aidedd.org/dnd/monstres.php?vo=minotaur-skeleton,2.0,undead,Large,12,67,,lawful evil,,Monster Manual (SRD),18.0,11.0,15.0,6.0,8.0,5.0,Piercing,3
moloch,https://www.aidedd.org/dnd/monstres.php?vo=moloch,21.0,fiend (devil),Large,19,253,,lawful evil,Legendary,Mordenkainen's Tome of Foes,26.0,19.0,22.0,21.0,18.0,23.0,Fire,3
molydeus,,21.0,fiend (demon),Huge,19,216,,chaotic evil,,Mordenkainen's Tome of Foes,,,,,,,Fire,2
morkoth,,11.0,aberration,Medium,17,130,swim,chaotic evil,,Volo's Guide to Monsters,,,,,,,Piercing,4
mouth-of-grolantor,,6.0,giant (hill giant),Huge,14,105,,chaotic evil,,Volo's Guide to Monsters,,,,,,,Slashing,2
mummy,https://www.aidedd.org/dnd/monstres.php?vo=mummy,3.0,undead,Medium,11,58,,lawful evil,,Monster Manual (SRD),16.0,8.0,15.0,6.0,10.0,12.0,Piercing,4
mummy-lord,https://www.aidedd.org/dnd/monstres.php?vo=mummy-lord,15.0,undead,Medium,17,97,,lawful evil,Legendary,Monster Manual (SRD),18.0,10.0,17.0,11.0,18.0,16.0,Piercing,4
myconid-sovereign,,2.0,plant,Large,13,60,,lawful neutral,,Monster Manual,,,,,,,Ice,3
myconid-sprout,,0.0,plant,Small,10,7,,lawful neutral,,Monster Manual,,,,,,,Ice,3
nabassu,,15.0,fiend (demon),Medium,18,190,fly,chaotic evil,,Mordenkainen's Tome of Foes,,,,,,,Fire,4
nagpa,,17.0,humanoid (nagpa),Medium,19,187,,neutral evil,,Mordenkainen's Tome of Foes,,,,,,,Blunt,4
nalfeshnee,https://www.aidedd.org/dnd/monstres.php?vo=nalfeshnee,13.0,fiend (demon),Large,18,184,fly,chaotic evil,,Monster Manual (SRD),21.0,10.0,22.0,19.0,12.0,15.0,Fire,3
narzugon,https://www.aidedd.org/dnd/monstres.php?vo=narzugon,13.0,fiend (devil),Medium,20,112,,lawful evil,,Mordenkainen's Tome of Foes,20.0,10.0,17.0,16.0,14.0,19.0,Fire,4
necromancer,,9.0,humanoid (any race),Medium,12,66,,any alignment,,Volo's Guide to Monsters,,,,,,,Ice,4
neogi,,3.0,aberration,Small,15,33,,lawful evil,,Volo's Guide to Monsters,,,,,,,Piercing,3
neogi-master,,4.0,aberration,Medium,15,71,,lawful evil,,Volo's Guide to Monsters,,,,,,,Piercing,4
neothelid,,13.0,aberration,Gargantuan,16,325,,chaotic evil,,Volo's Guide to Monsters,,,,,,,Piercing,1
night-hag,https://www.aidedd.org/dnd/monstres.php?vo=night-hag,5.0,fiend,Medium,17,112,,neutral evil,,Monster Manual (SRD),18.0,15.0,16.0,16.0,14.0,16.0,Fire,4
nightmare,https://www.aidedd.org/dnd/monstres.php?vo=nightmare,3.0,fiend,Large,13,68,fly,neutral evil,,Monster Manual (SRD),18.0,15.0,16.0,10.0,13.0,15.0,Fire,3
nightwalker,,20.0,undead,Huge,14,297,fly,chaotic evil,,Mordenkainen's Tome of Foes,,,,,,,Piercing,2
nilbog,https://www.aidedd.org/dnd/monstres.php?vo=nilbog,1.0,humanoid (goblinoid),Small,13,7,,chaotic evil,,Volo's Guide to Monsters,8.0,14.0,10.0,10.0,8.0,15.0,Blunt,3
nothic,https://www.aidedd.org/dnd/monstres.php?vo=nothic,2.0,aberration,Medium,15,45,,neutral evil,,Monster Manual,14.0,16.0,16.0,13.0,10.0,8.0,Piercing,4
nycaloth,https://www.aidedd.org/dnd/monstres.php?vo=nycaloth,9.0,fiend (yugoloth),Large,18,123,fly,neutral evil,,Monster Manual (BR),20.0,11.0,19.0,12.0,10.0,15.0,Fire,3
ochre-jelly,https://www.aidedd.org/dnd/monstres.php?vo=ochre-jelly,2.0,ooze,Large,8,45,,unaligned,,Monster Manual (SRD),15.0,6.0,14.0,2.0,6.0,1.0,Blunt,3
octopus,https://www.aidedd.org/dnd/monstres.php?vo=octopus,0.0,beast,Small,12,3,swim,unaligned,,Monster Manual (SRD),4.0,15.0,11.0,3.0,10.0,4.0,Slashing,3
ogre,https://www.aidedd.org/dnd/monstres.php?vo=ogre,2.0,giant,Large,11,59,,chaotic evil,,Monster Manual (SRD),19.0,8.0,16.0,5.0,7.0,7.0,Blunt,3
ogre-battering-ram,,4.0,giant,Large,14,59,,chaotic evil,,Mordenkainen's Tome of Foes,,,,,,,Blunt,3
ogre-bolt-launcher,,2.0,giant,Large,13,59,,chaotic evil,,Mordenkainen's Tome of Foes,,,,,,,Blunt,3
ogre-chain-brute,,3.0,giant,Large,11,59,,chaotic evil,,Mordenkainen's Tome of Foes,,,,,,,Blunt,3
ogre-howdah,,2.0,giant,Large,13,59,,chaotic evil,,Mordenkainen's Tome of Foes,,,,,,,Blunt,3
ogre-zombie,https://www.aidedd.org/dnd/monstres.php?vo=ogre-zombie,2.0,undead,Large,8,85,,neutral evil,,Monster Manual (SRD),19.0,6.0,18.0,3.0,6.0,5.0,Piercing,3
ogremoch,,20.0,elemental,Gargantuan,20,526,,neutral evil,,Adventures (Princes of the Apocalypse),,,,,,,Slashing,1
oinoloth,,12.0,fiend (yugoloth),Medium,17,126,,neutral evil,,Mordenkainen's Tome of Foes,,,,,,,Fire,4
olhydra,,18.0,elemental,Huge,18,324,swim,neutral evil,,Adventures (Princes of the Apocalypse),,,,,,,Slashing,2
oni,https://www.aidedd.org/dnd/monstres.php?vo=oni,7.0,giant,Large,16,110,fly,lawful evil,,Monster Manual (SRD),19.0,11.0,16.0,14.0,12.0,15.0,Blunt,3
orc-blade-of-ilneval,,4.0,humanoid (orc),Medium,18,60,,chaotic evil,,Volo's Guide to Monsters,,,,,,,Slashing,4
orc-claw-of-luthic,,2.0,humanoid (orc),Medium,14,45,,chaotic evil,,Volo's Guide to Monsters,,,,,,,Slashing,4
orc-eye-of-gruumsh,https://www.aidedd.org/dnd/monstres.php?vo=orc-eye-of-gruumsh,2.0,humanoid (orc),Medium,16,45,,chaotic evil,,Monster Manual (BR),16.0,12.0,16.0,9.0,13.0,12.0,Slashing,4
orc-hand-of-yurtrus,,2.0,humanoid (orc),Medium,12,30,,chaotic evil,,Volo's Guide to Monsters,,,,,,,Slashing,4
orc-red-fang-of-shargaas,,3.0,humanoid (orc),Medium,15,52,,chaotic evil,,Volo's Guide to Monsters,,,,,,,Slashing,4
orc-war-chief,,4.0,humanoid (orc),Medium,16,93,,chaotic evil,,Monster Manual,,,,,,,Slashing,4
orcus,https://www.aidedd.org/dnd/monstres.php?vo=orcus,26.0,fiend (demon),Huge,17,405,fly,chaotic evil,Legendary,Mordenkainen's Tome of Foes,27.0,14.0,25.0,20.0,20.0,25.0,Fire,2
orog,https://www.aidedd.org/dnd/monstres.php?vo=orog,2.0,humanoid (orc),Medium,18,42,,chaotic evil,,Monster Manual (BR),18.0,12.0,18.0,12.0,11.0,12.0,Slashing,4
orthon,,10.0,fiend (devil),Large,17,105,,lawful evil,,Mordenkainen's Tome of Foes,,,,,,,Fire,3
otyugh,https://www.aidedd.org/dnd/monstres.php?vo=otyugh,5.0,aberration,Large,14,114,,neutral,,Monster Manual (SRD),16.0,11.0,19.0,6.0,13.0,6.0,Piercing,3
owl,https://www.aidedd.org/dnd/monstres.php?vo=owl,0.0,beast,Tiny,11,1,fly,unaligned,,Monster Manual (SRD),3.0,13.0,8.0,2.0,12.0,7.0,Slashing,2
owlbear,https://www.aidedd.org/dnd/monstres.php?vo=owlbear,3.0,monstrosity,Large,13,59,,unaligned,,Monster Manual (SRD),20.0,12.0,17.0,3.0,12.0,7.0,Piercing,3
pegasus,https://www.aidedd.org/dnd/monstres.php?vo=pegasus,2.0,celestial,Large,12,59,fly,chaotic good,,Monster Manual (SRD),18.0,15.0,16.0,10.0,15.0,13.0,Fire,3
pentadrone,,2.0,construct,Large,16,32,,lawful neutral,,Monster Manual,,,,,,,Blunt,3
peryton,https://www.aidedd.org/dnd/monstres.php?vo=peryton,2.0,monstrosity,Medium,13,33,fly,chaotic evil,,Monster Manual (BR),16.0,12.0,13.0,9.0,12.0,10.0,Piercing,4
phase-spider,https://www.aidedd.org/dnd/monstres.php?vo=phase-spider,3.0,monstrosity,Large,13,32,,unaligned,,Monster Manual (SRD),15.0,15.0,12.0,6.0,10.0,6.0,Piercing,3
phoenix,,16.0,elemental,Gargantuan,18,175,fly,neutral,,Mordenkainen's Tome of Foes,,,,,,,Slashing,1
pit-fiend,https://www.aidedd.org/dnd/monstres.php?vo=pit-fiend,20.0,fiend (devil),Large,19,300,fly,lawful evil,,Monster Manual (SRD),26.0,14.0,24.0,22.0,18.0,24.0,Fire,3
planetar,https://www.aidedd.org/dnd/monstres.php?vo=planetar,16.0,celestial,Large,19,200,fly,lawful good,,Monster Manual (SRD),24.0,20.0,24.0,19.0,22.0,25.0,Fire,3
plesiosaurus,https://www.aidedd.org/dnd/monstres.php?vo=plesiosaurus,2.0,beast,Large,13,68,swim,unaligned,,Monster Manual (SRD),18.0,15.0,16.0,2.0,12.0,5.0,Slashing,3
polar-bear,https://www.aidedd.org/dnd/monstres.php?vo=polar-bear,2.0,beast,Large,12,42,swim,unaligned,,Monster Manual (SRD),20.0,10.0,16.0,2.0,13.0,7.0,Slashing,3
priest,https://www.aidedd.org/dnd/monstres.php?vo=priest,2.0,humanoid (any race),Medium,13,27,,any alignment,,Monster Manual (SRD),10.0,10.0,12.0,13.0,16.0,13.0,Ice,4
pterafolk,,1.0,monstrosity,Large,12,26,fly,neutral evil,,Adventures (Tomb of Annihilation),,,,,,,Piercing,3
purple-worm,https://www.aidedd.org/dnd/monstres.php?vo=purple-worm,15.0,monstrosity,Gargantuan,18,247,,unaligned,,Monster Manual (SRD),28.0,7.0,22.0,1.0,8.0,4.0,Piercing,1
purple-wormling,,2.0,monstrosity,Large,12,42,,unaligned,,Adventures (Storm King's Thunder),,,,,,,Piercing,3
quadrone,,1.0,construct,Medium,16,22,fly,lawful neutral,,Monster Manual,,,,,,,Blunt,4
quaggoth,,2.0,humanoid (quaggoth),Medium,13,45,,chaotic neutral,,Monster Manual,,,,,,,Ice,4
quaggoth-spore-servant,,1.0,plant,Medium,13,45,,unaligned,,Monster Manual,,,,,,,Ice,4
quasit,https://www.aidedd.org/dnd/monstres.php?vo=quasit,1.0,"fiend (demon, shapechanger)",Tiny,13,7,,chaotic evil,,Monster Manual (SRD),5.0,17.0,10.0,7.0,10.0,10.0,Fire,2
quetzalcoatlus,https://www.aidedd.org/dnd/monstres.php?vo=quetzalcoatlus,2.0,beast,Huge,13,30,fly,unaligned,,Volo's Guide to Monsters,15.0,13.0,13.0,2.0,10.0,5.0,Slashing,2
quickling,,1.0,fey,Tiny,16,10,,chaotic evil,,Volo's Guide to Monsters,,,,,,,Ice,2
quipper,https://www.aidedd.org/dnd/monstres.php?vo=quipper,0.0,beast,Tiny,13,1,swim,unaligned,,Monster Manual (SRD),2.0,16.0,9.0,1.0,7.0,2.0,Slashing,2
rakshasa,https://www.aidedd.org/dnd/monstres.php?vo=rakshasa,13.0,fiend,Medium,16,110,,lawful evil,,Monster Manual (SRD),14.0,17.0,18.0,13.0,16.0,20.0,Fire,4
rat,https://www.aidedd.org/dnd/monstres.php?vo=rat,0.0,beast,Tiny,10,1,,unaligned,,Monster Manual (SRD),2.0,11.0,9.0,2.0,10.0,4.0,Slashing,2
raven,https://www.aidedd.org/dnd/monstres.php?vo=raven,0.0,beast,Tiny,12,1,fly,unaligned,,Monster Manual (SRD),2.0,14.0,8.0,2.0,12.0,6.0,Slashing,2
reaper-of-bhaal,,2.0,humanoid (human),Medium,15,27,,chaotic evil,,Adventures (Descent into Avernus),,,,,,,Ice,4
red-abishai,,19.0,fiend (devil),Medium,22,255,fly,lawful evil,,Mordenkainen's Tome of Foes,,,,,,,Fire,4
red-dragon-wyrmling,https://www.aidedd.org/dnd/monstres.php?vo=red-dragon-wyrmling,4.0,dragon,Medium,17,75,fly,chaotic evil,,Monster Manual (SRD),19.0,10.0,17.0,12.0,11.0,15.0,Piercing,4
red-slaad,,5.0,aberration,Large,14,93,,chaotic neutral,,Monster Manual,,,,,,,Piercing,3
redcap,,3.0,fey,Small,13,45,,chaotic evil,,Volo's Guide to Monsters,,,,,,,Ice,3
remorhaz,https://www.aidedd.org/dnd/monstres.php?vo=remorhaz,11.0,monstrosity,Huge,17,195,,unaligned,,Monster Manual (SRD),24.0,13.0,21.0,4.0,10.0,5.0,Piercing,2
retriever,,14.0,construct,Large,19,210,,lawful evil,,Mordenkainen's Tome of Foes,,,,,,,Blunt,3
revenant,https://www.aidedd.org/dnd/monstres.php?vo=revenant,5.0,undead,Medium,13,136,,neutral,,Monster Manual (BR),18.0,14.0,18.0,13.0,16.0,18.0,Piercing,4
rhinoceros,https://www.aidedd.org/dnd/monstres.php?vo=rhinoceros,2.0,beast,Large,11,45,,unaligned,,Monster Manual (SRD),21.0,8.0,15.0,2.0,12.0,6.0,Slashing,3
roc,https://www.aidedd.org/dnd/monstres.php?vo=roc,11.0,monstrosity,Gargantuan,15,248,fly,unaligned,,Monster Manual (SRD),28.0,10.0,20.0,3.0,10.0,9.0,Piercing,1
roper,https://www.aidedd.org/dnd/monstres.php?vo=roper,5.0,monstrosity,Large,20,93,,neutral evil,,Monster Manual (SRD),18.0,8.0,17.0,7.0,16.0,6.0,Piercing,3
rot-troll,,9.0,giant,Large,16,138,,chaotic evil,,Mordenkainen's Tome of Foes,,,,,,,Blunt,3
rug-of-smothering,https://www.aidedd.org/dnd/monstres.php?vo=rug-of-smothering,2.0,construct,Large,12,33,,unaligned,,Monster Manual (SRD),17.0,14.0,10.0,1.0,3.0,1.0,Blunt,3
rutterkin,,2.0,fiend (demon),Medium,12,37,,chaotic evil,,Mordenkainen's Tome of Foes,,,,,,,Fire,4
saber-toothed-tiger,https://www.aidedd.org/dnd/monstres.php?vo=saber-toothed-tiger,2.0,beast,Large,12,52,,unaligned,,Monster Manual (SRD),18.0,14.0,15.0,3.0,12.0,8.0,Slashing,3
sahuagin-baron,,5.0,humanoid (sahuagin),Large,16,76,swim,lawful evil,,Monster Manual,,,,,,,Piercing,3
sahuagin-priestess,,2.0,humanoid (sahuagin),Medium,12,33,swim,lawful evil,,Monster Manual,,,,,,,Piercing,4
salamander,https://www.aidedd.org/dnd/monstres.php?vo=salamander,5.0,elemental,Large,15,90,,neutral evil,,Monster Manual (SRD),18.0,14.0,15.0,11.0,10.0,12.0,Slashing,3
scarecrow,,1.0,construct,Medium,11,36,,chaotic evil,,Monster Manual,,,,,,,Blunt,4
scorpion,https://www.aidedd.org/dnd/monstres.php?vo=scorpion,0.0,beast,Tiny,11,1,,unaligned,,Monster Manual (SRD),2.0,11.0,8.0,1.0,8.0,2.0,Slashing,2
sea-hag,https://www.aidedd.org/dnd/monstres.php?vo=sea-hag,2.0,fey,Medium,14,52,swim,chaotic evil,,Monster Manual (SRD),16.0,13.0,16.0,12.0,12.0,13.0,Ice,4
sea-horse,https://www.aidedd.org/dnd/monstres.php?vo=sea-horse,0.0,beast,Tiny,11,1,swim,unaligned,,Monster Manual (SRD),1.0,12.0,8.0,1.0,10.0,2.0,Slashing,2
sea-spawn,,1.0,humanoid,Medium,11,32,swim,neutral evil,,Volo's Guide to Monsters,,,,,,,Ice,4
shadow-dancer,,7.0,humanoid (elf),Medium,15,71,,neutral,,Mordenkainen's Tome of Foes,,,,,,,Slashing,4
shadow-demon,https://www.aidedd.org/dnd/monstres.php?vo=shadow-demon,4.0,fiend (demon),Medium,13,66,fly,chaotic evil,,Monster Manual (BR),1.0,17.0,12.0,14.0,13.0,14.0,Fire,4
shadow-mastiff,,2.0,monstrosity,Medium,12,33,,neutral evil,,Volo's Guide to Monsters,,,,,,,Piercing,4
shambling-mound,https://www.aidedd.org/dnd/monstres.php?vo=shambling-mound,5.0,plant,Large,15,136,swim,unaligned,,Monster Manual (SRD),18.0,8.0,16.0,5.0,10.0,5.0,Ice,3
shield-guardian,https://www.aidedd.org/dnd/monstres.php?vo=shield-guardian,7.0,construct,Large,17,142,,unaligned,,Monster Manual (SRD),18.0,8.0,18.0,7.0,10.0,3.0,Blunt,3
shoosuva,,8.0,fiend (demon),Large,14,110,,chaotic evil,,Volo's Guide to Monsters,,,,,,,Fire,3
shrieker,https://www.aidedd.org/dnd/monstres.php?vo=shrieker,0.0,plant,Medium,5,13,,unaligned,,Monster Manual (SRD),1.0,1.0,10.0,1.0,3.0,1.0,Ice,4
sibriex,https://www.aidedd.org/dnd/monstres.php?vo=sibriex,18.0,fiend (demon),Huge,19,150,fly,chaotic evil,Legendary,Mordenkainen's Tome of Foes,10.0,3.0,23.0,25.0,24.0,25.0,Fire,2
silver-dragon-wyrmling,https://www.aidedd.org/dnd/monstres.php?vo=silver-dragon-wyrmling,2.0,dragon,Medium,17,45,fly,lawful good,,Monster Manual (SRD),19.0,10.0,17.0,12.0,11.0,15.0,Piercing,4
skull-lasher-of-myrkul,,1.0,humanoid (human),Medium,12,32,,neutral evil,,Adventures (Descent into Avernus),,,,,,,Ice,4
skull-lord,,15.0,undead,Medium,18,105,,lawful evil,,Mordenkainen's Tome of Foes,,,,,,,Piercing,4
slithering-tracker,https://www.aidedd.org/dnd/monstres.php?vo=slithering-tracker,3.0,ooze,Medium,14,32,swim,chaotic evil,,Volo's Guide to Monsters,16.0,19.0,15.0,10.0,14.0,11.0,Blunt,4
solar,https://www.aidedd.org/dnd/monstres.php?vo=solar,21.0,celestial,Large,21,243,fly,lawful good,Legendary,Monster Manual (SRD),26.0,22.0,26.0,25.0,25.0,30.0,Fire,3
soul-monger,,11.0,humanoid (elf),Medium,15,123,,neutral,,Mordenkainen's Tome of Foes,,,,,,,Slashing,4
spawn-of-kyuss,,5.0,undead,Medium,10,76,,chaotic evil,,Volo's Guide to Monsters,,,,,,,Piercing,4
spectator,https://www.aidedd.org/dnd/monstres.php?vo=spectator,3.0,aberration,Medium,14,39,fly,lawful neutral,,Monster Manual,8.0,14.0,14.0,13.0,14.0,11.0,Piercing,4
specter,https://www.aidedd.org/dnd/monstres.php?vo=specter,1.0,undead,Medium,12,22,fly,chaotic evil,,Monster Manual (SRD),1.0,14.0,11.0,10.0,10.0,11.0,Piercing,4
spellcaster-healer-lvl-1,,0.0,humanoid (any race),Medium,12,9,,any alignment,,Essentials Kit,,,,,,,Ice,4
spellcaster-healer-lvl-2,,0.0,humanoid (any race),Medium,12,13,,any alignment,,Essentials Kit,,,,,,,Ice,4
spellcaster-healer-lvl-3,,0.0,humanoid (any race),Medium,12,18,,any alignment,,Essentials Kit,,,,,,,Ice,4
spellcaster-healer-lvl-4,,0.0,humanoid (any race),Medium,12,22,,any alignment,,Essentials Kit,,,,,,,Ice,4
spellcaster-healer-lvl-5,,0.0,humanoid (any race),Medium,12,27,,any alignment,,Essentials Kit,,,,,,,Ice,4
spellcaster-healer-lvl-6,,0.0,humanoid (any race),Medium,12,31,,any alignment,,Essentials Kit,,,,,,,Ice,4
spellcaster-mage-lvl-1,,0.0,humanoid (any race),Medium,12,9,,any alignment,,Essentials Kit,,,,,,,Ice,4
spellcaster-mage-lvl-2,,0.0,humanoid (any race),Medium,12,13,,any alignment,,Essentials Kit,,,,,,,Ice,4
spellcaster-mage-lvl-3,,0.0,humanoid (any race),Medium,12,18,,any alignment,,Essentials Kit,,,,,,,Ice,4
spellcaster-mage-lvl-4,,0.0,humanoid (any race),Medium,12,22,,any alignment,,Essentials Kit,,,,,,,Ice,4
spellcaster-mage-lvl-5,,0.0,humanoid (any race),Medium,12,27,,any alignment,,Essentials Kit,,,,,,,Ice,4
spellcaster-mage-lvl-6,,0.0,humanoid (any race),Medium,12,31,,any alignment,,Essentials Kit,,,,,,,Ice,4
spider,https://www.aidedd.org/dnd/monstres.php?vo=spider,0.0,beast,Tiny,12,1,,unaligned,,Monster Manual (SRD),2.0,14.0,8.0,1.0,10.0,2.0,Slashing,2
spined-devil,,2.0,fiend (devil),Small,13,22,fly,lawful evil,,Monster Manual,,,,,,,Fire,3
spirit-naga,https://www.aidedd.org/dnd/monstres.php?vo=spirit-naga,8.0,monstrosity,Large,15,75,,chaotic evil,,Monster Manual (SRD),18.0,17.0,14.0,16.0,15.0,16.0,Piercing,3
spirit-troll,,11.0,giant,Large,17,97,,chaotic evil,,Mordenkainen's Tome of Foes,,,,,,,Blunt,3
spring-eladrin,,10.0,fey (elf),Medium,19,127,,chaotic neutral,,Mordenkainen's Tome of Foes,,,,,,,Piercing,4
spy,https://www.aidedd.org/dnd/monstres.php?vo=spy,1.0,humanoid (any race),Medium,12,27,,any alignment,,Monster Manual (SRD),10.0,15.0,10.0,12.0,14.0,16.0,Ice,4
star-spawn-hulk,,10.0,aberration,Large,16,136,,chaotic evil,,Mordenkainen's Tome of Foes,,,,,,,Piercing,3
star-spawn-larva-mage,,16.0,aberration,Medium,16,168,,chaotic evil,,Mordenkainen's Tome of Foes,,,,,,,Piercing,4
star-spawn-mangler,,5.0,aberration,Medium,14,71,,chaotic evil,,Mordenkainen's Tome of Foes,,,,,,,Piercing,4
star-spawn-seer,,13.0,aberration,Medium,17,153,,neutral evil,,Mordenkainen's Tome of Foes,,,,,,,Piercing,4
steel-predator,,16.0,construct,Large,20,207,,lawful evil,,Mordenkainen's Tome of Foes,,,,,,,Blunt,3
stegosaurus,,4.0,beast,Huge,13,76,,unaligned,,Adventures (Tomb of Annihilation),,,,,,,Slashing,2
stone-cursed,,1.0,construct,Medium,17,19,,lawful evil,,Mordenkainen's Tome of Foes,,,,,,,Blunt,4
stone-giant,https://www.aidedd.org/dnd/monstres.php?vo=stone-giant,7.0,giant,Huge,17,126,,neutral,,Monster Manual (SRD),23.0,15.0,20.0,10.0,12.0,9.0,Blunt,2
stone-giant-dreamwalker,https://www.aidedd.org/dnd/monstres.php?vo=stone-giant-dreamwalker,10.0,giant (stone giant),Huge,18,161,,chaotic neutral,,Volo's Guide to Monsters,23.0,14.0,21.0,10.0,8.0,12.0,Slashing,2
stone-golem,https://www.aidedd.org/dnd/monstres.php?vo=stone-golem,10.0,construct,Large,17,178,,unaligned,,Monster Manual (SRD),22.0,9.0,20.0,3.0,11.0,1.0,Blunt,3
stone-juggernaut,,12.0,construct,Large,15,157,,unaligned,,Adventures (Tomb of Annihilation),,,,,,,Blunt,3
storm-giant,https://www.aidedd.org/dnd/monstres.php?vo=storm-giant,13.0,giant,Huge,16,230,swim,chaotic good,,Monster Manual (SRD),29.0,14.0,20.0,16.0,18.0,18.0,Blunt,2
storm-giant-quintessent,,16.0,giant (storm giant),Huge,12,230,"fly, swim",chaotic good,,Volo's Guide to Monsters,,,,,,,Slashing,2
strahd-von-zarovich,,15.0,undead (shapechanger),Medium,16,144,,lawful evil,,Adventures (Curse of Strahd),,,,,,,Piercing,4
su-monster,,1.0,monstrosity,Medium,12,27,,chaotic evil,,Adventures (Tomb of Annihilation),,,,,,,Piercing,4
succubus,https://www.aidedd.org/dnd/monstres.php?vo=succubus,4.0,fiend (shapechanger),Medium,15,66,fly,neutral evil,,Monster Manual (SRD),8.0,17.0,13.0,15.0,12.0,20.0,Fire,4
summer-eladrin,,10.0,fey (elf),Medium,19,127,,chaotic neutral,,Mordenkainen's Tome of Foes,,,,,,,Piercing,4
swarm-of-cranium-rats,,5.0,swarm of Tiny beasts,Medium,12,36,,lawful evil,,Volo's Guide to Monsters,,,,,,,Piercing,4
swarm-of-poisonous-snakes,https://www.aidedd.org/dnd/monstres.php?vo=swarm-of-poisonous-snakes,2.0,swarm of Tiny beasts,Medium,14,36,swim,unaligned,,Monster Manual (SRD),8.0,18.0,11.0,1.0,10.0,3.0,Piercing,4
swarm-of-quippers,https://www.aidedd.org/dnd/monstres.php?vo=swarm-of-quippers,1.0,swarm of Tiny beasts,Medium,13,28,swim,unaligned,,Monster Manual (SRD),13.0,16.0,9.0,1.0,7.0,2.0,Piercing,4
swashbuckler,,3.0,humanoid (any race),Medium,17,66,,any non-lawful alignment,,Volo's Guide to Monsters,,,,,,,Ice,4
sword-wraith-commander,,8.0,undead,Medium,18,127,,lawful evil,,Mordenkainen's Tome of Foes,,,,,,,Piercing,4
sword-wraith-warrior,,3.0,undead,Medium,16,45,,lawful evil,,Mordenkainen's Tome of Foes,,,,,,,Piercing,4
tabaxi-hunter,,1.0,humanoid (tabaxi),Medium,14,40,,chaotic good,,Adventures (Tomb of Annihilation),,,,,,,Piercing,4
tanarukk,https://www.aidedd.org/dnd/monstres.php?vo=tanarukk,5.0,"fiend (demon, orc)",Medium,14,95,,chaotic evil,,Volo's Guide to Monsters,18.0,13.0,20.0,9.0,9.0,9.0,Fire,4
tarrasque,https://www.aidedd.org/dnd/monstres.php?vo=tarrasque,30.0,monstrosity (titan),Gargantuan,25,676,,unaligned,Legendary,Monster Manual (SRD),30.0,11.0,30.0,3.0,11.0,11.0,Blunt,1
the-angry,,13.0,monstrosity,Medium,18,255,,neutral evil,,Mordenkainen's Tome of Foes,,,,,,,Piercing,4
the-hungry,,11.0,monstrosity,Medium,17,225,,neutral evil,,Mordenkainen's Tome of Foes,,,,,,,Piercing,4
the-lonely,,9.0,monstrosity,Medium,16,112,,neutral evil,,Mordenkainen's Tome of Foes,,,,,,,Piercing,4
the-lost,,7.0,monstrosity,Medium,15,78,,neutral evil,,Mordenkainen's Tome of Foes,,,,,,,Piercing,4
thorny,,1.0,plant,Medium,14,27,,neutral,,Volo's Guide to Monsters,,,,,,,Ice,4
thri-kreen,,1.0,humanoid (thri-kreen),Medium,15,33,,chaotic neutral,,Monster Manual,,,,,,,Piercing,4
tiamat,,30.0,fiend,Gargantuan,25,615,fly,chaotic evil,,Adventures (Tyranny of Dragons),,,,,,,Fire,1
tiger,https://www.aidedd.org/dnd/monstres.php?vo=tiger,1.0,beast,Large,12,37,,unaligned,,Monster Manual (SRD),17.0,15.0,14.0,3.0,12.0,8.0,Slashing,3
titivilus,,16.0,fiend (devil),Medium,20,127,fly,lawful evil,,Mordenkainen's Tome of Foes,,,,,,,Fire,4
tlincalli,,5.0,monstrosity,Large,15,85,,neutral evil,,Volo's Guide to Monsters,,,,,,,Piercing,3
tortle-druid,,2.0,humanoid (tortle),Medium,17,33,,lawful neutral,,Mordenkainen's Tome of Foes,,,,,,,Slashing,4
transmuter,,5.0,humanoid (any race),Medium,12,40,,any alignment,,Volo's Guide to Monsters,,,,,,,Ice,4
trapper,,3.0,monstrosity,Large,13,85,,unaligned,,Volo's Guide to Monsters,,,,,,,Piercing,3
treant,https://www.aidedd.org/dnd/monstres.php?vo=treant,9.0,plant,Huge,16,138,,chaotic good,,Monster Manual (SRD),23.0,8.0,21.0,12.0,16.0,12.0,Ice,2
triceratops,https://www.aidedd.org/dnd/monstres.php?vo=triceratops,5.0,beast,Huge,13,95,,unaligned,,Monster Manual (SRD),22.0,9.0,17.0,2.0,11.0,5.0,Slashing,2
troll,https://www.aidedd.org/dnd/monstres.php?vo=troll,5.0,giant,Large,15,84,,chaotic evil,,Monster Manual (SRD),18.0,13.0,20.0,7.0,9.0,7.0,Blunt,3
tyrannosaurus-rex,https://www.aidedd.org/dnd/monstres.php?vo=tyrannosaurus-rex,8.0,beast,Huge,13,136,,unaligned,,Monster Manual (SRD),25.0,10.0,19.0,2.0,12.0,9.0,Slashing,2
ulitharid,,9.0,aberration,Large,15,127,,lawful evil,,Volo's Guide to Monsters,,,,,,,Piercing,3
ultroloth,,13.0,fiend (yugoloth),Medium,19,153,fly,neutral evil,,Monster Manual,,,,,,,Fire,4
umber-hulk,https://www.aidedd.org/dnd/monstres.php?vo=umber-hulk,5.0,monstrosity,Large,18,93,,chaotic evil,,Monster Manual (BR),20.0,13.0,16.0,9.0,10.0,10.0,Piercing,3
unicorn,https://www.aidedd.org/dnd/monstres.php?vo=unicorn,5.0,celestial,Large,12,67,,lawful good,Legendary,Monster Manual (SRD),18.0,14.0,15.0,11.0,17.0,16.0,Fire,3
uthgardt-shaman,,2.0,humanoid (human),Medium,13,38,,neutral evil,,Adventures (Storm King's Thunder),,,,,,,Ice,4
vajra-safahr,,13.0,humanoid (human),Medium,14,126,,lawful neutral,,Adventures (Dragon Heist),,,,,,,Ice,4
vampire,https://www.aidedd.org/dnd/monstres.php?vo=vampire,13.0,undead (shapechanger),Medium,16,144,,lawful evil,Legendary,Monster Manual (SRD),18.0,18.0,18.0,17.0,15.0,18.0,Piercing,4
vampire-spawn,https://www.aidedd.org/dnd/monstres.php?vo=vampire-spawn,5.0,undead,Medium,15,82,,neutral evil,,Monster Manual (SRD),16.0,16.0,16.0,11.0,10.0,12.0,Piercing,4
vampiric-mist,,3.0,undead,Medium,13,30,fly,chaotic evil,,Mordenkainen's Tome of Foes,,,,,,,Piercing,4
vargouille,,1.0,fiend,Tiny,12,13,fly,chaotic evil,,Volo's Guide to Monsters,,,,,,,Fire,2
vegepygmy-chief,,2.0,plant,Small,14,33,,neutral,,Volo's Guide to Monsters,,,,,,,Ice,3
venerable-shadow,https://www.aidedd.org/dnd/monstres.php?vo=venerable-shadow,2.0,undead,Medium,13,27,,chaotic evil,,Extra (AideDD),6.0,16.0,13.0,6.0,12.0,10.0,Piercing,4
venom-troll,,7.0,giant,Large,15,94,,chaotic evil,,Mordenkainen's Tome of Foes,,,,,,,Blunt,3
veteran,https://www.aidedd.org/dnd/monstres.php?vo=veteran,3.0,humanoid (any race),Medium,17,58,,any alignment,,Monster Manual (SRD),16.0,13.0,14.0,10.0,11.0,10.0,Ice,4
vrock,https://www.aidedd.org/dnd/monstres.php?vo=vrock,6.0,fiend (demon),Large,15,104,fly,chaotic evil,,Monster Manual (SRD),17.0,15.0,18.0,8.0,13.0,8.0,Fire,3
vulture,https://www.aidedd.org/dnd/monstres.php?vo=vulture,0.0,beast,Medium,10,5,fly,unaligned,,Monster Manual (SRD),7.0,10.0,13.0,2.0,12.0,4.0,Slashing,4
war-priest,,9.0,humanoid (any race),Medium,18,117,,any alignment,,Volo's Guide to Monsters,,,,,,,Ice,4
warlock-of-the-archfey,,4.0,humanoid (any race),Medium,11,49,,any alignment,,Volo's Guide to Monsters,,,,,,,Ice,4
warlock-of-the-fiend,,7.0,humanoid (any race),Medium,12,78,,any alignment,,Volo's Guide to Monsters,,,,,,,Ice,4
warlock-of-the-great-old-one,,6.0,humanoid (any race),Medium,12,91,,any alignment,,Volo's Guide to Monsters,,,,,,,Ice,4
warlord,,12.0,humanoid (any race),Medium,18,229,,any alignment,Legendary,Volo's Guide to Monsters,,,,,,,Ice,4
warrior-lvl-1,,0.0,humanoid (any race),Medium,16,13,,any alignment,,Essentials Kit,,,,,,,Ice,4
warrior-lvl-2,,0.0,humanoid (any race),Medium,16,19,,any alignment,,Essentials Kit,,,,,,,Ice,4
warrior-lvl-3,,0.0,humanoid (any race),Medium,16,26,,any alignment,,Essentials Kit,,,,,,,Ice,4
warrior-lvl-4,,0.0,humanoid (any race),Medium,16,32,,any alignment,,Essentials Kit,,,,,,,Ice,4
warrior-lvl-5,,0.0,humanoid (any race),Medium,16,39,,any alignment,,Essentials Kit,,,,,,,Ice,4
warrior-lvl-6,,0.0,humanoid (any race),Medium,16,45,,any alignment,,Essentials Kit,,,,,,,Ice,4
wastrilith,,13.0,fiend (demon),Large,18,157,swim,chaotic evil,,Mordenkainen's Tome of Foes,,,,,,,Fire,3
water-elemental,https://www.aidedd.org/dnd/monstres.php?vo=water-elemental,5.0,elemental,Large,14,114,swim,neutral,,Monster Manual (SRD),18.0,14.0,18.0,5.0,10.0,8.0,Slashing,3
water-elemental-myrmidon,,7.0,elemental,Medium,18,127,swim,neutral,,Mordenkainen's Tome of Foes,,,,,,,Slashing,4
water-weird,https://www.aidedd.org/dnd/monstres.php?vo=water-weird,3.0,elemental,Large,13,58,swim,neutral,,Monster Manual (BR),17.0,16.0,13.0,11.0,10.0,10.0,Slashing,3
weasel,https://www.aidedd.org/dnd/monstres.php?vo=weasel,0.0,beast,Tiny,13,1,,unaligned,,Monster Manual (SRD),3.0,16.0,8.0,2.0,12.0,3.0,Slashing,2
werebear,https://www.aidedd.org/dnd/monstres.php?vo=werebear,5.0,"humanoid (human, shapechanger)",Medium,10,135,,neutral good,,Monster Manual (SRD),19.0,10.0,17.0,11.0,12.0,12.0,Slashing,4
wereboar,https://www.aidedd.org/dnd/monstres.php?vo=wereboar,4.0,"humanoid (human, shapechanger)",Medium,10,78,,neutral evil,,Monster Manual (SRD),17.0,10.0,15.0,10.0,11.0,8.0,Slashing,4
wererat,https://www.aidedd.org/dnd/monstres.php?vo=wererat,2.0,"humanoid (human, shapechanger)",Medium,12,33,,lawful evil,,Monster Manual (SRD),10.0,15.0,12.0,11.0,10.0,8.0,Slashing,4
weretiger,https://www.aidedd.org/dnd/monstres.php?vo=weretiger,4.0,"humanoid (human, shapechanger)",Medium,12,120,,neutral,,Monster Manual (SRD),17.0,15.0,16.0,10.0,13.0,11.0,Slashing,4
werewolf,https://www.aidedd.org/dnd/monstres.php?vo=werewolf,3.0,"humanoid (human, shapechanger)",Medium,11,58,,chaotic evil,,Monster Manual (SRD),15.0,13.0,14.0,10.0,11.0,10.0,Slashing,4
white-abishai,,6.0,fiend (devil),Medium,15,68,fly,lawful evil,,Mordenkainen's Tome of Foes,,,,,,,Fire,4
white-dragon-wyrmling,https://www.aidedd.org/dnd/monstres.php?vo=white-dragon-wyrmling,2.0,dragon,Medium,16,32,"fly, swim",chaotic evil,,Monster Manual (SRD),14.0,10.0,14.0,5.0,10.0,11.0,Piercing,4
wight,https://www.aidedd.org/dnd/monstres.php?vo=wight,3.0,undead,Medium,14,45,,neutral evil,,Monster Manual (SRD),15.0,14.0,16.0,10.0,13.0,15.0,Piercing,4
wild-dog-alpha,https://www.aidedd.org/dnd/monstres.php?vo=wild-dog-alpha,1.0,beast,Large,12,26,,unaligned,,Extra (Adventurers League),17.0,15.0,13.0,3.0,12.0,8.0,Slashing,3
will-o--wisp,https://www.aidedd.org/dnd/monstres.php?vo=will-o--wisp,2.0,undead,Tiny,19,22,fly,chaotic evil,,Monster Manual (SRD),1.0,28.0,10.0,13.0,14.0,11.0,Piercing,2
winter-eladrin,,10.0,fey (elf),Medium,19,127,,chaotic neutral,,Mordenkainen's Tome of Foes,,,,,,,Piercing,4
winter-wolf,https://www.aidedd.org/dnd/monstres.php?vo=winter-wolf,3.0,monstrosity,Large,13,75,,neutral evil,,Monster Manual (SRD),18.0,13.0,14.0,7.0,12.0,8.0,Piercing,3
wood-woad,,5.0,plant,Medium,18,75,,lawful neutral,,Volo's Guide to Monsters,,,,,,,Ice,4
wraith,https://www.aidedd.org/dnd/monstres.php?vo=wraith,5.0,undead,Medium,13,67,fly,neutral evil,,Monster Manual (SRD),6.0,16.0,16.0,12.0,14.0,15.0,Piercing,4
wyvern,https://www.aidedd.org/dnd/monstres.php?vo=wyvern,6.0,dragon,Large,13,110,fly,unaligned,,Monster Manual (SRD),19.0,10.0,16.0,5.0,12.0,6.0,Piercing,3
xorn,https://www.aidedd.org/dnd/monstres.php?vo=xorn,5.0,elemental,Medium,19,73,,neutral,,Monster Manual (SRD),17.0,10.0,22.0,11.0,10.0,11.0,Slashing,4
xvart-warlock-of-raxivort,,1.0,humanoid (xvart),Small,12,22,,chaotic evil,,Volo's Guide to Monsters,,,,,,,Fire,3
yagnoloth,,11.0,fiend (yugoloth),Large,17,147,,neutral evil,,Mordenkainen's Tome of Foes,,,,,,,Fire,3
yan-c-bin,,18.0,elemental,Huge,22,283,fly,neutral evil,,Adventures (Princes of the Apocalypse),,,,,,,Slashing,2
yeenoghu,,24.0,fiend (demon),Huge,20,333,,chaotic evil,,Mordenkainen's Tome of Foes,,,,,,,Fire,2
yellow-musk-creeper,,2.0,plant,Medium,6,60,,unaligned,,Adventures (Tomb of Annihilation),,,,,,,Ice,4
yeth-hound,,4.0,fey,Large,14,51,fly,neutral evil,,Volo's Guide to Monsters,,,,,,,Ice,3
yeti,https://www.aidedd.org/dnd/monstres.php?vo=yeti,3.0,monstrosity,Large,12,51,,chaotic evil,,Monster Manual (SRD),18.0,13.0,16.0,8.0,12.0,7.0,Piercing,3
yochlol,,10.0,"fiend (demon, shapechanger)",Medium,15,136,,chaotic evil,,Monster Manual,,,,,,,Fire,4
young-black-dragon,https://www.aidedd.org/dnd/monstres.php?vo=young-black-dragon,7.0,dragon,Large,18,127,"fly, swim",chaotic evil,,Monster Manual (SRD),19.0,14.0,17.0,12.0,11.0,15.0,Piercing,3
young-blue-dragon,https://www.aidedd.org/dnd/monstres.php?vo=young-blue-dragon,9.0,dragon,Large,18,152,fly,lawful evil,,Monster Manual (SRD),21.0,10.0,19.0,14.0,13.0,17.0,Piercing,3
young-brass-dragon,https://www.aidedd.org/dnd/monstres.php?vo=young-brass-dragon,6.0,dragon,Large,17,110,fly,chaotic good,,Monster Manual (SRD),19.0,10.0,17.0,12.0,11.0,15.0,Piercing,3
young-bronze-dragon,https://www.aidedd.org/dnd/monstres.php?vo=young-bronze-dragon,8.0,dragon,Large,18,142,"fly, swim",lawful good,,Monster Manual (SRD),21.0,10.0,19.0,14.0,13.0,17.0,Piercing,3
young-copper-dragon,https://www.aidedd.org/dnd/monstres.php?vo=young-copper-dragon,7.0,dragon,Large,17,119,fly,chaotic good,,Monster Manual (SRD),19.0,12.0,17.0,16.0,13.0,15.0,Piercing,3
young-gold-dragon,https://www.aidedd.org/dnd/monstres.php?vo=young-gold-dragon,10.0,dragon,Large,18,178,"fly, swim",lawful good,,Monster Manual (SRD),23.0,14.0,21.0,16.0,13.0,20.0,Piercing,3
young-green-dragon,https://www.aidedd.org/dnd/monstres.php?vo=young-green-dragon,8.0,dragon,Large,18,136,"fly, swim",lawful evil,,Monster Manual (SRD),19.0,12.0,17.0,16.0,13.0,15.0,Piercing,3
young-red-dragon,https://www.aidedd.org/dnd/monstres.php?vo=young-red-dragon,10.0,dragon,Large,18,178,fly,chaotic evil,,Monster Manual (SRD),23.0,10.0,21.0,14.0,11.0,19.0,Piercing,3
young-red-shadow-dragon,,13.0,dragon,Large,18,178,fly,chaotic evil,,Monster Manual,,,,,,,Piercing,3
young-remorhaz,,5.0,monstrosity,Large,14,93,,unaligned,,Monster Manual,,,,,,,Piercing,3
young-silver-dragon,https://www.aidedd.org/dnd/monstres.php?vo=young-silver-dragon,9.0,dragon,Large,18,168,fly,lawful good,,Monster Manual (SRD),23.0,10.0,21.0,14.0,11.0,19.0,Piercing,3
young-white-dragon,https://www.aidedd.org/dnd/monstres.php?vo=young-white-dragon,6.0,dragon,Large,17,133,"fly, swim",chaotic evil,,Monster Manual (SRD),18.0,10.0,18.0,6.0,11.0,12.0,Piercing,3
yuan-ti-abomination,https://www.aidedd.org/dnd/monstres.php?vo=yuan-ti-abomination,7.0,"monstrosity (shapechanger, yuan-ti)",Large,15,127,,neutral evil,,Monster Manual (BR),19.0,16.0,17.0,17.0,15.0,18.0,Fire,3
yuan-ti-anathema,,12.0,"monstrosity (shapechanger, yuan-ti)",Huge,16,189,swim,neutral evil,,Volo's Guide to Monsters,,,,,,,Fire,2
yuan-ti-broodguard,,2.0,humanoid (yuan-ti),Medium,14,45,,neutral evil,,Volo's Guide to Monsters,,,,,,,Fire,4
yuan-ti-malison,https://www.aidedd.org/dnd/monstres.php?vo=yuan-ti-malison,3.0,"monstrosity (shapechanger, yuan-ti)",Medium,12,66,,neutral evil,,Monster Manual (BR),16.0,14.0,13.0,14.0,12.0,16.0,Fire,4
yuan-ti-mind-whisperer,,4.0,"monstrosity (shapechanger, yuan-ti)",Medium,14,71,,neutral evil,,Volo's Guide to Monsters,,,,,,,Fire,4
yuan-ti-nightmare-speaker,https://www.aidedd.org/dnd/monstres.php?vo=yuan-ti-nightmare-speaker,4.0,"monstrosity (shapechanger, yuan-ti)",Medium,14,71,,neutral evil,,Volo's Guide to Monsters,16.0,14.0,13.0,14.0,12.0,16.0,Fire,4
yuan-ti-pit-master,,5.0,"monstrosity (shapechanger, yuan-ti)",Medium,14,88,,neutral evil,,Volo's Guide to Monsters,,,,,,,Fire,4
yuan-ti-pureblood,https://www.aidedd.org/dnd/monstres.php?vo=yuan-ti-pureblood,1.0,humanoid (yuan-ti),Medium,11,40,,neutral evil,,Monster Manual (BR),11.0,12.0,11.0,13.0,12.0,14.0,Fire,4
zaratan,,22.0,elemental,Gargantuan,21,307,swim,neutral,,Mordenkainen's Tome of Foes,,,,,,,Slashing,1
zariel,https://www.aidedd.org/dnd/monstres.php?vo=zariel,26.0,fiend (devil),Large,21,580,fly,lawful evil,Legendary,Mordenkainen's Tome of Foes,27.0,24.0,28.0,26.0,27.0,30.0,Fire,3
zuggtmoy,,23.0,fiend (demon),Large,18,304,,chaotic evil,,Mordenkainen's Tome of Foes,,,,,,,Fire,3
